{
  "type": "FeatureCollection",
  "features": [
    {
      "type": "Feature",
      "properties": {
        "record": "26TMP-063477",
        "address": "3725 ADKINS RD NW, ATLANTA GA 30331",
        "status": null,
        "date": "10/03/2026",
        "description": null,
        "owner": null,
        "tree_dbh": null,
        "tree_location": null,
        "reason_removal": null,
        "tree_description": null,
        "tree_number": null,
        "species": null,
        "comments": null,
        "tree_count": null,
        "trees": null
      },
      "geometry": {
        "type": "Point",
        "coordinates": [
          -84.509372372252,
          33.773509418848
        ]
      }
    },
    {
      "type": "Feature",
      "properties": {
        "record": "BA-202605079",
        "address": "308 BASS ST SE, ATLANTA GA 30315",
        "status": "Accepted",
        "date": "09/30/2026",
        "description": null,
        "owner": "JACKSON INEZ",
        "tree_dbh": "40",
        "tree_location": "Back yard",
        "reason_removal": "Dying tree",
        "tree_description": "Dying oak tree in back yard, right off porch, looming over the house",
        "tree_number": "1",
        "species": "Oak",
        "comments": null,
        "tree_count": 1,
        "trees": [
          {
            "tree_number": "1",
            "species": "Oak",
            "tree_dbh": "40",
            "tree_location": "Back yard",
            "tree_description": "Dying oak tree in back yard, right off porch, looming over the house",
            "reason_removal": "Dying tree",
            "comments": null
          }
        ]
      },
      "geometry": {
        "type": "Point",
        "coordinates": [
          -84.37768426256,
          33.73480937214
        ]
      }
    },
    {
      "type": "Feature",
      "properties": {
        "record": "BA-202605077",
        "address": "3757 VERMONT RD NE, ATLANTA GA 30319",
        "status": "Accepted",
        "date": "09/30/2026",
        "description": null,
        "owner": null,
        "tree_dbh": null,
        "tree_location": null,
        "reason_removal": null,
        "tree_description": null,
        "tree_number": null,
        "species": null,
        "comments": null,
        "tree_count": null,
        "trees": null
      },
      "geometry": {
        "type": "Point",
        "coordinates": [
          -84.353071655814,
          33.856824822891
        ]
      }
    },
    {
      "type": "Feature",
      "properties": {
        "record": "BA-202605080",
        "address": "2200 PEACHTREE RD NW, ATLANTA GA 30309",
        "status": "Accepted",
        "date": "09/30/2026",
        "description": null,
        "owner": null,
        "tree_dbh": null,
        "tree_location": null,
        "reason_removal": null,
        "tree_description": null,
        "tree_number": null,
        "species": null,
        "comments": null,
        "tree_count": null,
        "trees": null
      },
      "geometry": {
        "type": "Point",
        "coordinates": [
          -84.391894290529,
          33.814833949133
        ]
      }
    },
    {
      "type": "Feature",
      "properties": {
        "record": "BA-202605069",
        "address": "1629 HOSEA L WILLIAMS DR SE, ATLANTA GA 30317",
        "status": "Accepted",
        "date": "09/30/2026",
        "description": null,
        "owner": null,
        "tree_dbh": null,
        "tree_location": null,
        "reason_removal": null,
        "tree_description": null,
        "tree_number": null,
        "species": null,
        "comments": null,
        "tree_count": null,
        "trees": null
      },
      "geometry": {
        "type": "Point",
        "coordinates": [
          -84.33370177604,
          33.753316513867
        ]
      }
    },
    {
      "type": "Feature",
      "properties": {
        "record": "BA-202605073",
        "address": "1620 NORTH PELHAM RD NE, ATLANTA GA 30324",
        "status": "Accepted",
        "date": "09/30/2026",
        "description": null,
        "owner": null,
        "tree_dbh": null,
        "tree_location": null,
        "reason_removal": null,
        "tree_description": null,
        "tree_number": null,
        "species": null,
        "comments": null,
        "tree_count": null,
        "trees": null
      },
      "geometry": {
        "type": "Point",
        "coordinates": [
          -84.359252972604,
          33.798805697227
        ]
      }
    },
    {
      "type": "Feature",
      "properties": {
        "record": "26TMP-064561",
        "address": "393 DEERING RD NW, ATLANTA GA 30309",
        "status": null,
        "date": "09/30/2026",
        "description": null,
        "owner": null,
        "tree_dbh": null,
        "tree_location": null,
        "reason_removal": null,
        "tree_description": null,
        "tree_number": null,
        "species": null,
        "comments": null,
        "tree_count": null,
        "trees": null
      },
      "geometry": {
        "type": "Point",
        "coordinates": [
          -84.400876673237,
          33.796242307023
        ]
      }
    },
    {
      "type": "Feature",
      "properties": {
        "record": "BA-202605075",
        "address": "438 JAMES P BRAWLEY DR NW, ATLANTA GA 30318",
        "status": "Accepted",
        "date": "09/30/2026",
        "description": null,
        "owner": null,
        "tree_dbh": null,
        "tree_location": null,
        "reason_removal": null,
        "tree_description": null,
        "tree_number": null,
        "species": null,
        "comments": null,
        "tree_count": null,
        "trees": null
      },
      "geometry": {
        "type": "Point",
        "coordinates": [
          -84.412653950754,
          33.766545265492
        ]
      }
    },
    {
      "type": "Feature",
      "properties": {
        "record": "26TMP-064615",
        "address": "21 NORTH EUGENIA PL NW, ATLANTA GA 30318",
        "status": null,
        "date": "09/30/2026",
        "description": null,
        "owner": null,
        "tree_dbh": null,
        "tree_location": null,
        "reason_removal": null,
        "tree_description": null,
        "tree_number": null,
        "species": null,
        "comments": null,
        "tree_count": null,
        "trees": null
      },
      "geometry": {
        "type": "Point",
        "coordinates": [
          -84.454122664748,
          33.776103723925
        ]
      }
    },
    {
      "type": "Feature",
      "properties": {
        "record": "BA-202605084",
        "address": "1660 ADAMS DR SW, ATLANTA GA 30311",
        "status": "ACA Pending",
        "date": "09/30/2026",
        "description": null,
        "owner": null,
        "tree_dbh": null,
        "tree_location": null,
        "reason_removal": null,
        "tree_description": null,
        "tree_number": null,
        "species": null,
        "comments": null,
        "tree_count": null,
        "trees": null
      },
      "geometry": {
        "type": "Point",
        "coordinates": [
          -84.486948789806,
          33.709929810955
        ]
      }
    },
    {
      "type": "Feature",
      "properties": {
        "record": "BA-202605078",
        "address": "41 SCREVEN AVE NE, ATLANTA GA 30307",
        "status": "Issued",
        "date": "09/30/2026",
        "description": null,
        "owner": null,
        "tree_dbh": null,
        "tree_location": null,
        "reason_removal": null,
        "tree_description": null,
        "tree_number": null,
        "species": null,
        "comments": null,
        "tree_count": null,
        "trees": null
      },
      "geometry": {
        "type": "Point",
        "coordinates": [
          -84.348004424455,
          33.754440659859
        ]
      }
    },
    {
      "type": "Feature",
      "properties": {
        "record": "BA-202605076",
        "address": "2124 RIDGEDALE RD NE, ATLANTA GA 30317",
        "status": "Accepted",
        "date": "09/30/2026",
        "description": null,
        "owner": null,
        "tree_dbh": null,
        "tree_location": null,
        "reason_removal": null,
        "tree_description": null,
        "tree_number": null,
        "species": null,
        "comments": null,
        "tree_count": null,
        "trees": null
      },
      "geometry": {
        "type": "Point",
        "coordinates": [
          -84.317909899173,
          33.753263857856
        ]
      }
    },
    {
      "type": "Feature",
      "properties": {
        "record": "BA-202605074",
        "address": "2836 OLDKNOW DR NW, ATLANTA GA 30318",
        "status": "Accepted",
        "date": "09/30/2026",
        "description": null,
        "owner": null,
        "tree_dbh": null,
        "tree_location": null,
        "reason_removal": null,
        "tree_description": null,
        "tree_number": null,
        "species": null,
        "comments": null,
        "tree_count": null,
        "trees": null
      },
      "geometry": {
        "type": "Point",
        "coordinates": [
          -84.481144183768,
          33.771743268564
        ]
      }
    },
    {
      "type": "Feature",
      "properties": {
        "record": "BA-202605081",
        "address": "3037 EAST PINE VALLEY RD NW, ATLANTA GA 30305",
        "status": "Accepted",
        "date": "09/30/2026",
        "description": null,
        "owner": null,
        "tree_dbh": null,
        "tree_location": null,
        "reason_removal": null,
        "tree_description": null,
        "tree_number": null,
        "species": null,
        "comments": null,
        "tree_count": null,
        "trees": null
      },
      "geometry": {
        "type": "Point",
        "coordinates": [
          -84.399513379873,
          33.838256076583
        ]
      }
    },
    {
      "type": "Feature",
      "properties": {
        "record": "BA-202605067",
        "address": "979 LANIER BLVD NE, ATLANTA GA 30306",
        "status": "Accepted",
        "date": "09/30/2026",
        "description": null,
        "owner": null,
        "tree_dbh": null,
        "tree_location": null,
        "reason_removal": null,
        "tree_description": null,
        "tree_number": null,
        "species": null,
        "comments": null,
        "tree_count": null,
        "trees": null
      },
      "geometry": {
        "type": "Point",
        "coordinates": [
          -84.352840411211,
          33.781971417686
        ]
      }
    },
    {
      "type": "Feature",
      "properties": {
        "record": "BA-202605072",
        "address": "1820 GARRAUX RD NW, ATLANTA GA 30327",
        "status": "Accepted",
        "date": "09/30/2026",
        "description": null,
        "owner": null,
        "tree_dbh": null,
        "tree_location": null,
        "reason_removal": null,
        "tree_description": null,
        "tree_number": null,
        "species": null,
        "comments": null,
        "tree_count": null,
        "trees": null
      },
      "geometry": {
        "type": "Point",
        "coordinates": [
          -84.447952148646,
          33.853843418226
        ]
      }
    },
    {
      "type": "Feature",
      "properties": {
        "record": "BA-202605089",
        "address": "883 PLYMOUTH RD NE, ATLANTA GA 30306",
        "status": "Accepted",
        "date": "10/01/2026",
        "description": null,
        "owner": null,
        "tree_dbh": "37",
        "tree_location": "Front of the house",
        "reason_removal": "Uncorrectable defect",
        "tree_description": "This mature tree is approx 6ft away from the foundation, meaning the foundation and house is well within the CRZ. Half of the canopy is over the roof/house and this tree is 100% exposed to the prevailing wind and elements. This tree has a large overextending lead growing towards the power lines and road. Removal of this large lead would be removing approx 25% of the canopy.",
        "tree_number": "1",
        "species": "Chestnut Oak",
        "comments": "This mature tree is approx 6ft away from the foundation, meaning the foundation and house is well within the CRZ. Half of the canopy is over the roof/house and this tree is 100% exposed to the prevailing wind and elements. This tree has a large overextending lead growing towards the power lines and road. Removal of this large lead would be removing approx 25% of the canopy.",
        "tree_count": 1,
        "trees": [
          {
            "tree_number": "1",
            "species": "Chestnut Oak",
            "tree_dbh": "37",
            "tree_location": "Front of the house",
            "tree_description": "This mature tree is approx 6ft away from the foundation, meaning the foundation and house is well within the CRZ. Half of the canopy is over the roof/house and this tree is 100% exposed to the prevailing wind and elements. This tree has a large overextending lead growing towards the power lines and road. Removal of this large lead would be removing approx 25% of the canopy.",
            "reason_removal": "Uncorrectable defect",
            "comments": "This mature tree is approx 6ft away from the foundation, meaning the foundation and house is well within the CRZ. Half of the canopy is over the roof/house and this tree is 100% exposed to the prevailing wind and elements. This tree has a large overextending lead growing towards the power lines and road. Removal of this large lead would be removing approx 25% of the canopy."
          }
        ]
      },
      "geometry": {
        "type": "Point",
        "coordinates": [
          -84.357730787017,
          33.798916574504
        ]
      }
    },
    {
      "type": "Feature",
      "properties": {
        "record": "BA-202605106",
        "address": "2155 JERNIGAN DR SE, ATLANTA GA 30315",
        "status": "Accepted",
        "date": "10/01/2026",
        "description": null,
        "owner": "HENDERSON ANGELA D",
        "tree_dbh": "11",
        "tree_location": "Left side front yard",
        "reason_removal": "Dying tree",
        "tree_description": "80% canopy loss",
        "tree_number": "1",
        "species": "Black Cherry",
        "comments": "orange paint",
        "tree_count": 1,
        "trees": [
          {
            "tree_number": "1",
            "species": "Black Cherry",
            "tree_dbh": "11",
            "tree_location": "Left side front yard",
            "tree_description": "80% canopy loss",
            "reason_removal": "Dying tree",
            "comments": "orange paint"
          }
        ]
      },
      "geometry": {
        "type": "Point",
        "coordinates": [
          -84.372436542685,
          33.695417395874
        ]
      }
    },
    {
      "type": "Feature",
      "properties": {
        "record": "26TMP-064979",
        "address": "3030 HUMPHRIES DR SE, ATLANTA GA 30354",
        "status": null,
        "date": "10/01/2026",
        "description": null,
        "owner": null,
        "tree_dbh": null,
        "tree_location": null,
        "reason_removal": null,
        "tree_description": null,
        "tree_number": null,
        "species": null,
        "comments": null,
        "tree_count": null,
        "trees": null
      },
      "geometry": {
        "type": "Point",
        "coordinates": [
          -84.375918223827,
          33.672565470201
        ]
      }
    },
    {
      "type": "Feature",
      "properties": {
        "record": "BA-202605087",
        "address": "672 ANDOVER DR NW, ATLANTA GA 30327",
        "status": "Accepted",
        "date": "10/01/2026",
        "description": null,
        "owner": "POPE CHILTON C",
        "tree_dbh": "14",
        "tree_location": "front yard right at road",
        "reason_removal": "Significant cavity/area of decay",
        "tree_description": "Picture of tree",
        "tree_number": "1",
        "species": "Maple",
        "comments": "major trunk decay with canine decline throughout",
        "tree_count": 1,
        "trees": [
          {
            "tree_number": "1",
            "species": "Maple",
            "tree_dbh": "14",
            "tree_location": "front yard right at road",
            "tree_description": "Picture of tree",
            "reason_removal": "Significant cavity/area of decay",
            "comments": "major trunk decay with canine decline throughout"
          }
        ]
      },
      "geometry": {
        "type": "Point",
        "coordinates": [
          -84.408745369664,
          33.865583307574
        ]
      }
    },
    {
      "type": "Feature",
      "properties": {
        "record": "BA-202605105",
        "address": "340 8TH ST NE, ATLANTA GA 30309",
        "status": "Accepted",
        "date": "10/01/2026",
        "description": null,
        "owner": null,
        "tree_dbh": null,
        "tree_location": null,
        "reason_removal": null,
        "tree_description": null,
        "tree_number": null,
        "species": null,
        "comments": null,
        "tree_count": null,
        "trees": null
      },
      "geometry": {
        "type": "Point",
        "coordinates": [
          -84.376093592442,
          33.779559345845
        ]
      }
    },
    {
      "type": "Feature",
      "properties": {
        "record": "BA-202605097",
        "address": "120 JOHNSON RD NW, ATLANTA GA 30318",
        "status": "Accepted",
        "date": "10/01/2026",
        "description": null,
        "owner": "ROBIN LAURA B",
        "tree_dbh": "6",
        "tree_location": "left side of drive",
        "reason_removal": "Invasive/undesirable tree",
        "tree_description": "6\" Leyland, left side of drive between fence and concrete, undesirable species",
        "tree_number": "1",
        "species": "Leyland cypress",
        "comments": "6\" Leyland, left side of drive between fence and concrete, undesirable species",
        "tree_count": 9,
        "trees": [
          {
            "tree_number": "1",
            "species": "Leyland cypress",
            "tree_dbh": "6",
            "tree_location": "left side of drive",
            "tree_description": "6\" Leyland, left side of drive between fence and concrete, undesirable species",
            "reason_removal": "Invasive/undesirable tree",
            "comments": "6\" Leyland, left side of drive between fence and concrete, undesirable species"
          },
          {
            "tree_number": "2",
            "species": "Leyland cypress",
            "tree_dbh": "6",
            "tree_location": "left side of drive",
            "tree_description": "6\" Leyland, left side of drive between fence and concrete, undesirable species",
            "reason_removal": "Invasive/undesirable tree",
            "comments": "6\" Leyland, left side of drive between fence and concrete, undesirable species"
          },
          {
            "tree_number": "3",
            "species": "Leyland cypress",
            "tree_dbh": "7",
            "tree_location": "left side of drive",
            "tree_description": "7\" Leyland, left side of drive between fence and concrete, undesirable species",
            "reason_removal": "Invasive/undesirable tree",
            "comments": "7\" Leyland, left side of drive between fence and concrete, undesirable species"
          },
          {
            "tree_number": "4",
            "species": "Leyland cypress",
            "tree_dbh": "8",
            "tree_location": "left side of drive",
            "tree_description": "8\" Leyland, left side of drive between fence and concrete, undesirable species",
            "reason_removal": "Invasive/undesirable tree",
            "comments": "8\" Leyland, left side of drive between fence and concrete, undesirable species"
          },
          {
            "tree_number": "5",
            "species": "Leyland cypress",
            "tree_dbh": "8",
            "tree_location": "left side of drive",
            "tree_description": "8\" Leyland, left side of drive between fence and concrete, undesirable species",
            "reason_removal": "Invasive/undesirable tree",
            "comments": "8\" Leyland, left side of drive between fence and concrete, undesirable species"
          },
          {
            "tree_number": "6",
            "species": "Leyland cypress",
            "tree_dbh": "9",
            "tree_location": "left side of drive",
            "tree_description": "9\" Leyland, left side of drive between fence and concrete, undesirable species",
            "reason_removal": "Invasive/undesirable tree",
            "comments": "9\" Leyland, left side of drive between fence and concrete, undesirable species"
          },
          {
            "tree_number": "7",
            "species": "Leyland cypress",
            "tree_dbh": "9",
            "tree_location": "left side of drive",
            "tree_description": "9\" Leyland, left side of drive between fence and concrete, undesirable species",
            "reason_removal": "Invasive/undesirable tree",
            "comments": "9\" Leyland, left side of drive between fence and concrete, undesirable species"
          },
          {
            "tree_number": "8",
            "species": "Leyland cypress",
            "tree_dbh": "10",
            "tree_location": "left side of drive",
            "tree_description": "10\" Leyland, left side of drive between fence and concrete, undesirable species",
            "reason_removal": "Invasive/undesirable tree",
            "comments": "10\" Leyland, left side of drive between fence and concrete, undesirable species"
          },
          {
            "tree_number": "9",
            "species": "Leyland cypress",
            "tree_dbh": "10",
            "tree_location": "left side of drive",
            "tree_description": "10\" Leyland, left side of drive between fence and concrete, undesirable species",
            "reason_removal": "Invasive/undesirable tree",
            "comments": "10\" Leyland, left side of drive between fence and concrete, undesirable species"
          }
        ]
      },
      "geometry": {
        "type": "Point",
        "coordinates": [
          -84.450506079229,
          33.784152097885
        ]
      }
    },
    {
      "type": "Feature",
      "properties": {
        "record": "BA-202605088",
        "address": "1063 WEST PACES FERRY RD NW, ATLANTA GA 30327",
        "status": "Accepted",
        "date": "10/01/2026",
        "description": null,
        "owner": "Andrew Kang",
        "tree_dbh": "39",
        "tree_location": "Left",
        "reason_removal": "Significant cavity/area of decay",
        "tree_description": "cavity at base, overextending branches, recent limb failures",
        "tree_number": "1",
        "species": "Red Oak",
        "comments": "Orange dot",
        "tree_count": 3,
        "trees": [
          {
            "tree_number": "1",
            "species": "Red Oak",
            "tree_dbh": "39",
            "tree_location": "Left",
            "tree_description": "cavity at base, overextending branches, recent limb failures",
            "reason_removal": "Significant cavity/area of decay",
            "comments": "Orange dot"
          },
          {
            "tree_number": "2",
            "species": "Water Oak",
            "tree_dbh": "32",
            "tree_location": "Right",
            "tree_description": "tree in decline, due to Hypoxolin canker",
            "reason_removal": "Dying tree",
            "comments": "Orange dot"
          },
          {
            "tree_number": "3",
            "species": "Maple",
            "tree_dbh": "32",
            "tree_location": "Right of rear driveway",
            "tree_description": "Cavity in trunk, tree in decline.",
            "reason_removal": "Significant cavity/area of decay",
            "comments": "Orange dot"
          }
        ]
      },
      "geometry": {
        "type": "Point",
        "coordinates": [
          -84.420274436858,
          33.851023221243
        ]
      }
    },
    {
      "type": "Feature",
      "properties": {
        "record": "BA-202605096",
        "address": "3650 TUXEDO RD NW, ATLANTA GA 30305",
        "status": "Accepted",
        "date": "10/01/2026",
        "description": null,
        "owner": null,
        "tree_dbh": "22",
        "tree_location": "left side of back driveway just inside rear gate",
        "reason_removal": "Dead tree",
        "tree_description": "22\" White Oak, Dead, located left side of back driveway just inside rear gate",
        "tree_number": "1",
        "species": "White Oak",
        "comments": "22\" White Oak, Dead, located left side of back driveway just inside rear gate",
        "tree_count": 1,
        "trees": [
          {
            "tree_number": "1",
            "species": "White Oak",
            "tree_dbh": "22",
            "tree_location": "left side of back driveway just inside rear gate",
            "tree_description": "22\" White Oak, Dead, located left side of back driveway just inside rear gate",
            "reason_removal": "Dead tree",
            "comments": "22\" White Oak, Dead, located left side of back driveway just inside rear gate"
          }
        ]
      },
      "geometry": {
        "type": "Point",
        "coordinates": [
          -84.399757817545,
          33.854523013206
        ]
      }
    },
    {
      "type": "Feature",
      "properties": {
        "record": "BA-202605094",
        "address": "1871 CAMPBELLTON RD SW, ATLANTA GA 30311",
        "status": "Accepted",
        "date": "10/01/2026",
        "description": null,
        "owner": null,
        "tree_dbh": "19",
        "tree_location": "near driveway",
        "reason_removal": "Other",
        "tree_description": "leaning",
        "tree_number": "1",
        "species": "pine",
        "comments": null,
        "tree_count": 5,
        "trees": [
          {
            "tree_number": "1",
            "species": "pine",
            "tree_dbh": "19",
            "tree_location": "near driveway",
            "tree_description": "leaning",
            "reason_removal": "Other",
            "comments": null
          },
          {
            "tree_number": "2",
            "species": "pine",
            "tree_dbh": "19",
            "tree_location": "side yard",
            "tree_description": "leaning",
            "reason_removal": "Other",
            "comments": null
          },
          {
            "tree_number": "3",
            "species": "pine",
            "tree_dbh": "14",
            "tree_location": "side yard",
            "tree_description": "leaning",
            "reason_removal": "Other",
            "comments": null
          },
          {
            "tree_number": "4",
            "species": "pine",
            "tree_dbh": "20",
            "tree_location": "back side",
            "tree_description": "dead",
            "reason_removal": "Dead tree",
            "comments": null
          },
          {
            "tree_number": "5",
            "species": "pine",
            "tree_dbh": "24",
            "tree_location": "side yard",
            "tree_description": "leaning",
            "reason_removal": "Other",
            "comments": null
          }
        ]
      },
      "geometry": {
        "type": "Point",
        "coordinates": [
          -84.450306013171,
          33.70929917668
        ]
      }
    },
    {
      "type": "Feature",
      "properties": {
        "record": "BA-202605104",
        "address": "2300 PEACHTREE RD NW, BLDG 100, ATLANTA GA 30309",
        "status": "Accepted",
        "date": "10/01/2026",
        "description": null,
        "owner": null,
        "tree_dbh": "15",
        "tree_location": "front right of property",
        "reason_removal": "Uncorrectable defect",
        "tree_description": "Leaning and growing toward stucture",
        "tree_number": "1",
        "species": "Southern Magnolia",
        "comments": null,
        "tree_count": 3,
        "trees": [
          {
            "tree_number": "1",
            "species": "Southern Magnolia",
            "tree_dbh": "15",
            "tree_location": "front right of property",
            "tree_description": "Leaning and growing toward stucture",
            "reason_removal": "Uncorrectable defect",
            "comments": null
          },
          {
            "tree_number": "2",
            "species": "Leyland cypress",
            "tree_dbh": "22",
            "tree_location": "rear right of property",
            "tree_description": "Double lead",
            "reason_removal": "Dying tree",
            "comments": null
          },
          {
            "tree_number": "3",
            "species": "Leyland cypress",
            "tree_dbh": "15",
            "tree_location": "right rear of property",
            "tree_description": "single leader",
            "reason_removal": "Dying tree",
            "comments": null
          }
        ]
      },
      "geometry": {
        "type": "Point",
        "coordinates": [
          -84.390224724815,
          33.816543314833
        ]
      }
    },
    {
      "type": "Feature",
      "properties": {
        "record": "BA-202605113",
        "address": "2121 ADAMS OVERLOOK NW, ATLANTA GA 30318",
        "status": "ACA Pending",
        "date": "10/01/2026",
        "description": null,
        "owner": "patrick nesbitt",
        "tree_dbh": "18",
        "tree_location": "behind house",
        "reason_removal": "Other",
        "tree_description": "18” DBH River Birch located in a confined area immediately adjacent to the residence. The tree has significant exposed roots and limited growing space, creating concerns regarding root stability and potential impacts to the structure and surrounding improvements. Removal is requested to address these existing site and safety concerns.",
        "tree_number": "1",
        "species": "Riverbirch",
        "comments": null,
        "tree_count": 1,
        "trees": [
          {
            "tree_number": "1",
            "species": "Riverbirch",
            "tree_dbh": "18",
            "tree_location": "behind house",
            "tree_description": "18” DBH River Birch located in a confined area immediately adjacent to the residence. The tree has significant exposed roots and limited growing space, creating concerns regarding root stability and potential impacts to the structure and surrounding improvements. Removal is requested to address these existing site and safety concerns.",
            "reason_removal": "Other",
            "comments": null
          }
        ]
      },
      "geometry": {
        "type": "Point",
        "coordinates": [
          -84.454050826721,
          33.813437909504
        ]
      }
    },
    {
      "type": "Feature",
      "properties": {
        "record": "BA-202605095",
        "address": "1405 CLIFTON RD NE, ATLANTA GA",
        "status": "Accepted",
        "date": "10/01/2026",
        "description": null,
        "owner": "CHOA",
        "tree_dbh": "42",
        "tree_location": "along uppergate dr",
        "reason_removal": "Dying tree",
        "tree_description": null,
        "tree_number": "1",
        "species": "oak",
        "comments": null,
        "tree_count": 1,
        "trees": [
          {
            "tree_number": "1",
            "species": "oak",
            "tree_dbh": "42",
            "tree_location": "along uppergate dr",
            "tree_description": null,
            "reason_removal": "Dying tree",
            "comments": null
          }
        ]
      },
      "geometry": {
        "type": "Point",
        "coordinates": [
          -84.320913222472,
          33.793423563494
        ]
      }
    },
    {
      "type": "Feature",
      "properties": {
        "record": "BA-202605101",
        "address": "1125 JOHNSON RD NW, ATLANTA GA 30318",
        "status": "Accepted",
        "date": "10/01/2026",
        "description": null,
        "owner": "NORTHWEST INTOWN DEVELOPMENT LLC",
        "tree_dbh": "19",
        "tree_location": "SOUTH PL, SEE PDF",
        "reason_removal": "Dead tree",
        "tree_description": "BROKEN AT APPROXIMATELY 10'",
        "tree_number": "3953",
        "species": "BOXELDER",
        "comments": null,
        "tree_count": 1,
        "trees": [
          {
            "tree_number": "3953",
            "species": "BOXELDER",
            "tree_dbh": "19",
            "tree_location": "SOUTH PL, SEE PDF",
            "tree_description": "BROKEN AT APPROXIMATELY 10'",
            "reason_removal": "Dead tree",
            "comments": null
          }
        ]
      },
      "geometry": {
        "type": "Point",
        "coordinates": [
          -84.445958931188,
          33.785436112249
        ]
      }
    },
    {
      "type": "Feature",
      "properties": {
        "record": "BA-202605085",
        "address": "3566 CANTRELL RD NE, ATLANTA GA 30319",
        "status": "Accepted",
        "date": "10/01/2026",
        "description": null,
        "owner": "Atlanta Properties Buckhead",
        "tree_dbh": "52",
        "tree_location": "CORNER OF KINGSBORO ROAD AND CANTRELL ROAD",
        "reason_removal": "Dead tree",
        "tree_description": null,
        "tree_number": "1",
        "species": "RED OAK",
        "comments": null,
        "tree_count": 2,
        "trees": [
          {
            "tree_number": "1",
            "species": "RED OAK",
            "tree_dbh": "52",
            "tree_location": "CORNER OF KINGSBORO ROAD AND CANTRELL ROAD",
            "tree_description": null,
            "reason_removal": "Dead tree",
            "comments": null
          },
          {
            "tree_number": "34",
            "species": "MAGNOLIA",
            "tree_dbh": "17",
            "tree_location": "INSIDE THE FENCE",
            "tree_description": null,
            "reason_removal": "Other",
            "comments": null
          }
        ]
      },
      "geometry": {
        "type": "Point",
        "coordinates": [
          -84.352442207034,
          33.85243969481
        ]
      }
    },
    {
      "type": "Feature",
      "properties": {
        "record": "BA-202605112",
        "address": "2185 VIRGINIA PL NE, ATLANTA GA 30305",
        "status": "ACA Pending",
        "date": "10/01/2026",
        "description": null,
        "owner": "Brent Cuddy",
        "tree_dbh": "10",
        "tree_location": "Back yard near back fence",
        "reason_removal": "Other",
        "tree_description": "Tree is in area I want to landscape so asking for a landscaping permit.",
        "tree_number": "1",
        "species": "Box elder",
        "comments": null,
        "tree_count": 1,
        "trees": [
          {
            "tree_number": "1",
            "species": "Box elder",
            "tree_dbh": "10",
            "tree_location": "Back yard near back fence",
            "tree_description": "Tree is in area I want to landscape so asking for a landscaping permit.",
            "reason_removal": "Other",
            "comments": null
          }
        ]
      },
      "geometry": {
        "type": "Point",
        "coordinates": [
          -84.381624177756,
          33.814545677139
        ]
      }
    },
    {
      "type": "Feature",
      "properties": {
        "record": "BA-202605090",
        "address": "3131 HABERSHAM RD NW, ATLANTA GA 30305",
        "status": "Accepted",
        "date": "10/01/2026",
        "description": null,
        "owner": "Alan Merrill",
        "tree_dbh": "30",
        "tree_location": "Front left",
        "reason_removal": "Dead tree",
        "tree_description": "Tree is nonliving",
        "tree_number": "1",
        "species": "White Oak",
        "comments": "Orange dot",
        "tree_count": 1,
        "trees": [
          {
            "tree_number": "1",
            "species": "White Oak",
            "tree_dbh": "30",
            "tree_location": "Front left",
            "tree_description": "Tree is nonliving",
            "reason_removal": "Dead tree",
            "comments": "Orange dot"
          }
        ]
      },
      "geometry": {
        "type": "Point",
        "coordinates": [
          -84.39633557393,
          33.84036028432
        ]
      }
    },
    {
      "type": "Feature",
      "properties": {
        "record": "BA-202605111",
        "address": "2216 DEFOORS FERRY RD NW, ATLANTA GA 30318",
        "status": "ACA Pending",
        "date": "10/01/2026",
        "description": null,
        "owner": null,
        "tree_dbh": "27",
        "tree_location": "on Defoors Ferry side of property",
        "reason_removal": "Dead tree",
        "tree_description": "27\" Pine, Dead, on Defoors Ferry side of property",
        "tree_number": "1",
        "species": "Pine",
        "comments": "27\" Pine, Dead, on Defoors Ferry side of property",
        "tree_count": 1,
        "trees": [
          {
            "tree_number": "1",
            "species": "Pine",
            "tree_dbh": "27",
            "tree_location": "on Defoors Ferry side of property",
            "tree_description": "27\" Pine, Dead, on Defoors Ferry side of property",
            "reason_removal": "Dead tree",
            "comments": "27\" Pine, Dead, on Defoors Ferry side of property"
          }
        ]
      },
      "geometry": {
        "type": "Point",
        "coordinates": [
          -84.431171855033,
          33.815881880921
        ]
      }
    },
    {
      "type": "Feature",
      "properties": {
        "record": "BA-202605102",
        "address": "1145 WEST PACES FERRY RD NW, ATLANTA GA 30327",
        "status": "Accepted",
        "date": "10/01/2026",
        "description": null,
        "owner": null,
        "tree_dbh": "30",
        "tree_location": "left side front yard",
        "reason_removal": "Other",
        "tree_description": "30\" White Oak, Damaged, split on 2 different occasions, causing sever damage to tree, located left side of front yard",
        "tree_number": "1",
        "species": "White Oak",
        "comments": "30\" White Oak, Damaged, split on 2 different occasions, causing sever damage to tree, located left side of front yard",
        "tree_count": 1,
        "trees": [
          {
            "tree_number": "1",
            "species": "White Oak",
            "tree_dbh": "30",
            "tree_location": "left side front yard",
            "tree_description": "30\" White Oak, Damaged, split on 2 different occasions, causing sever damage to tree, located left side of front yard",
            "reason_removal": "Other",
            "comments": "30\" White Oak, Damaged, split on 2 different occasions, causing sever damage to tree, located left side of front yard"
          }
        ]
      },
      "geometry": {
        "type": "Point",
        "coordinates": [
          -84.423269399406,
          33.851279862551
        ]
      }
    },
    {
      "type": "Feature",
      "properties": {
        "record": "BA-202605099",
        "address": "745 BROOKLINE ST SW, ATLANTA GA 30310",
        "status": "Accepted",
        "date": "10/01/2026",
        "description": null,
        "owner": "Elias Flores",
        "tree_dbh": "16",
        "tree_location": "Back left",
        "reason_removal": "Dead tree",
        "tree_description": "Tree has zero foliage, constantly drops large branches, and dry.",
        "tree_number": "1",
        "species": "Uknown",
        "comments": null,
        "tree_count": 1,
        "trees": [
          {
            "tree_number": "1",
            "species": "Uknown",
            "tree_dbh": "16",
            "tree_location": "Back left",
            "tree_description": "Tree has zero foliage, constantly drops large branches, and dry.",
            "reason_removal": "Dead tree",
            "comments": null
          }
        ]
      },
      "geometry": {
        "type": "Point",
        "coordinates": [
          -84.412063786547,
          33.727172392387
        ]
      }
    },
    {
      "type": "Feature",
      "properties": {
        "record": "BA-202605103",
        "address": "338 OLD IVY RD NE, ATLANTA GA 30342",
        "status": "Accepted",
        "date": "10/01/2026",
        "description": null,
        "owner": null,
        "tree_dbh": "36",
        "tree_location": "back center",
        "reason_removal": "Dying tree",
        "tree_description": "The tree is exhibiting significant signs of decline, including the presence of fungal mushrooms at its base, soft soil beneath the root system, separation of bark at the base, and invasive ivy that has spread throughout the upper canopy.",
        "tree_number": "1",
        "species": "oak",
        "comments": null,
        "tree_count": 1,
        "trees": [
          {
            "tree_number": "1",
            "species": "oak",
            "tree_dbh": "36",
            "tree_location": "back center",
            "tree_description": "The tree is exhibiting significant signs of decline, including the presence of fungal mushrooms at its base, soft soil beneath the root system, separation of bark at the base, and invasive ivy that has spread throughout the upper canopy.",
            "reason_removal": "Dying tree",
            "comments": null
          }
        ]
      },
      "geometry": {
        "type": "Point",
        "coordinates": [
          -84.376510087144,
          33.856986775857
        ]
      }
    },
    {
      "type": "Feature",
      "properties": {
        "record": "BA-202605093",
        "address": "574 JAMES P BRAWLEY DR NW, ATLANTA GA 30318",
        "status": "Accepted",
        "date": "10/01/2026",
        "description": null,
        "owner": "Karyl Bentley",
        "tree_dbh": "18",
        "tree_location": "rear right of the home",
        "reason_removal": "Dying tree",
        "tree_description": "Dying and at an excessive angle",
        "tree_number": "1",
        "species": "Hardwood",
        "comments": null,
        "tree_count": 1,
        "trees": [
          {
            "tree_number": "1",
            "species": "Hardwood",
            "tree_dbh": "18",
            "tree_location": "rear right of the home",
            "tree_description": "Dying and at an excessive angle",
            "reason_removal": "Dying tree",
            "comments": null
          }
        ]
      },
      "geometry": {
        "type": "Point",
        "coordinates": [
          -84.412650424227,
          33.769716801522
        ]
      }
    },
    {
      "type": "Feature",
      "properties": {
        "record": "BA-202605114",
        "address": "2117 ADAMS OVERLOOK NW, ATLANTA GA 30318",
        "status": "ACA Pending",
        "date": "10/01/2026",
        "description": null,
        "owner": "margaret daly",
        "tree_dbh": "16",
        "tree_location": "behind house",
        "reason_removal": "Other",
        "tree_description": "16” DBH Maple located in a confined growing area immediately adjacent to the residence. The tree has exposed roots and limited available growing space, creating concerns regarding root stability and potential impacts to the structure and surrounding improvements. Removal is requested to address these existing site and safety concerns.",
        "tree_number": "1",
        "species": "Maple",
        "comments": null,
        "tree_count": 1,
        "trees": [
          {
            "tree_number": "1",
            "species": "Maple",
            "tree_dbh": "16",
            "tree_location": "behind house",
            "tree_description": "16” DBH Maple located in a confined growing area immediately adjacent to the residence. The tree has exposed roots and limited available growing space, creating concerns regarding root stability and potential impacts to the structure and surrounding improvements. Removal is requested to address these existing site and safety concerns.",
            "reason_removal": "Other",
            "comments": null
          }
        ]
      },
      "geometry": {
        "type": "Point",
        "coordinates": [
          -84.454059092704,
          33.813248972973
        ]
      }
    },
    {
      "type": "Feature",
      "properties": {
        "record": "BA-202605100",
        "address": "1588 NORTH AVE NW, ATLANTA GA 30318",
        "status": "Accepted",
        "date": "10/01/2026",
        "description": null,
        "owner": "RODNEYSHA LACHAL BROWN",
        "tree_dbh": "14",
        "tree_location": "1588 noth ave",
        "reason_removal": "Dead tree",
        "tree_description": "dead",
        "tree_number": "1",
        "species": "oak",
        "comments": null,
        "tree_count": 1,
        "trees": [
          {
            "tree_number": "1",
            "species": "oak",
            "tree_dbh": "14",
            "tree_location": "1588 noth ave",
            "tree_description": "dead",
            "reason_removal": "Dead tree",
            "comments": null
          }
        ]
      },
      "geometry": {
        "type": "Point",
        "coordinates": [
          -84.439778536769,
          33.767990267828
        ]
      }
    },
    {
      "type": "Feature",
      "properties": {
        "record": "BA-202605118",
        "address": "962 BLUE RIDGE AVE NE, ATLANTA GA 30306",
        "status": "Accepted",
        "date": "10/02/2026",
        "description": null,
        "owner": "James Wilcox",
        "tree_dbh": "13",
        "tree_location": "Right side of front yard",
        "reason_removal": "Dying tree",
        "tree_description": "Greater than 30% canopy die-back",
        "tree_number": "1",
        "species": "Dogwood",
        "comments": null,
        "tree_count": 1,
        "trees": [
          {
            "tree_number": "1",
            "species": "Dogwood",
            "tree_dbh": "13",
            "tree_location": "Right side of front yard",
            "tree_description": "Greater than 30% canopy die-back",
            "reason_removal": "Dying tree",
            "comments": null
          }
        ]
      },
      "geometry": {
        "type": "Point",
        "coordinates": [
          -84.355044173594,
          33.772500206023
        ]
      }
    },
    {
      "type": "Feature",
      "properties": {
        "record": "BA-202605131",
        "address": "3356 FERNCLIFF PL NE, ATLANTA GA 30324",
        "status": "ACA Pending",
        "date": "10/02/2026",
        "description": null,
        "owner": "BRINGIER RENEE",
        "tree_dbh": "40",
        "tree_location": "right of home",
        "reason_removal": "Dead tree",
        "tree_description": "Picture of tree",
        "tree_number": "1",
        "species": "Red Oak 40",
        "comments": "- DDH, hollow cavity behind seams along compression side of truck - sounding used to identify - dieback in crown",
        "tree_count": 1,
        "trees": [
          {
            "tree_number": "1",
            "species": "Red Oak 40",
            "tree_dbh": "40",
            "tree_location": "right of home",
            "tree_description": "Picture of tree",
            "reason_removal": "Dead tree",
            "comments": "- DDH, hollow cavity behind seams along compression side of truck - sounding used to identify - dieback in crown"
          }
        ]
      },
      "geometry": {
        "type": "Point",
        "coordinates": [
          -84.354391857812,
          33.845818189369
        ]
      }
    },
    {
      "type": "Feature",
      "properties": {
        "record": "BA-202605133",
        "address": "1005 OAKLAND DR SW, ATLANTA GA 30310",
        "status": "ACA Pending",
        "date": "10/02/2026",
        "description": null,
        "owner": null,
        "tree_dbh": null,
        "tree_location": null,
        "reason_removal": null,
        "tree_description": null,
        "tree_number": null,
        "species": null,
        "comments": null,
        "tree_count": null,
        "trees": null
      },
      "geometry": {
        "type": "Point",
        "coordinates": [
          -84.427340626514,
          33.727866439487
        ]
      }
    },
    {
      "type": "Feature",
      "properties": {
        "record": "26TMP-065062",
        "address": "3230 WEST ROXBORO RD NE, ATLANTA GA 30324",
        "status": null,
        "date": "10/02/2026",
        "description": null,
        "owner": null,
        "tree_dbh": null,
        "tree_location": null,
        "reason_removal": null,
        "tree_description": null,
        "tree_number": null,
        "species": null,
        "comments": null,
        "tree_count": null,
        "trees": null
      },
      "geometry": {
        "type": "Point",
        "coordinates": [
          -84.350532294045,
          33.843054308891
        ]
      }
    },
    {
      "type": "Feature",
      "properties": {
        "record": "BA-202605119",
        "address": "1629 ATHENS AVE SW, ATLANTA GA 30310",
        "status": "Accepted",
        "date": "10/02/2026",
        "description": null,
        "owner": null,
        "tree_dbh": "20",
        "tree_location": "side of home",
        "reason_removal": "Dead tree",
        "tree_description": "These three pine trees have been infected with bark beetles. One of them is currently dead and the others have begun to drop big branches.",
        "tree_number": "1",
        "species": "Pine",
        "comments": null,
        "tree_count": 3,
        "trees": [
          {
            "tree_number": "1",
            "species": "Pine",
            "tree_dbh": "20",
            "tree_location": "side of home",
            "tree_description": "These three pine trees have been infected with bark beetles. One of them is currently dead and the others have begun to drop big branches.",
            "reason_removal": "Dead tree",
            "comments": null
          },
          {
            "tree_number": "2",
            "species": "Pine",
            "tree_dbh": "20",
            "tree_location": "side of house",
            "tree_description": "These three pine trees have been infected with bark beetles. One of them is currently dead and the others have begun to drop big branches.",
            "reason_removal": "Diseased",
            "comments": null
          },
          {
            "tree_number": "3",
            "species": "Pine",
            "tree_dbh": "20",
            "tree_location": "side of house",
            "tree_description": "These three pine trees have been infected with bark beetles. One of them is currently dead and the others have begun to drop big branches.",
            "reason_removal": "Diseased",
            "comments": null
          }
        ]
      },
      "geometry": {
        "type": "Point",
        "coordinates": [
          -84.40905018452,
          33.710323025174
        ]
      }
    },
    {
      "type": "Feature",
      "properties": {
        "record": "BA-202605117",
        "address": "4072 LAND O LAKES DR NE, ATLANTA GA 30342",
        "status": "Accepted",
        "date": "10/02/2026",
        "description": null,
        "owner": "Mario Montag",
        "tree_dbh": "30",
        "tree_location": "rear right side",
        "reason_removal": "Significant cavity/area of decay",
        "tree_description": "Trunk cavity approx 30' up, bifurcated upper trunk, low LCR",
        "tree_number": "1",
        "species": "Loblolly Pine",
        "comments": "Orange flagged - weak tree",
        "tree_count": 2,
        "trees": [
          {
            "tree_number": "1",
            "species": "Loblolly Pine",
            "tree_dbh": "30",
            "tree_location": "rear right side",
            "tree_description": "Trunk cavity approx 30' up, bifurcated upper trunk, low LCR",
            "reason_removal": "Significant cavity/area of decay",
            "comments": "Orange flagged - weak tree"
          },
          {
            "tree_number": "2",
            "species": "Red Oak",
            "tree_dbh": "15",
            "tree_location": "rear left side",
            "tree_description": "leaning with all weight past center over volleyball area",
            "reason_removal": "Uncorrectable defect",
            "comments": "Orange flagged"
          }
        ]
      },
      "geometry": {
        "type": "Point",
        "coordinates": [
          -84.379306926318,
          33.862927987586
        ]
      }
    },
    {
      "type": "Feature",
      "properties": {
        "record": "BA-202605123",
        "address": "21 NORTH EUGENIA PL NW, ATLANTA GA 30318",
        "status": "Accepted",
        "date": "10/02/2026",
        "description": null,
        "owner": "BENTON JOSEPHINE F",
        "tree_dbh": "40",
        "tree_location": "921 N. Eugenia Place NW, Atlanta, GA 30318",
        "reason_removal": "Uncorrectable defect",
        "tree_description": null,
        "tree_number": "1",
        "species": "Hardwood; oak",
        "comments": null,
        "tree_count": 1,
        "trees": [
          {
            "tree_number": "1",
            "species": "Hardwood; oak",
            "tree_dbh": "40",
            "tree_location": "921 N. Eugenia Place NW, Atlanta, GA 30318",
            "tree_description": null,
            "reason_removal": "Uncorrectable defect",
            "comments": null
          }
        ]
      },
      "geometry": {
        "type": "Point",
        "coordinates": [
          -84.454122664748,
          33.776103723925
        ]
      }
    },
    {
      "type": "Feature",
      "properties": {
        "record": "BA-202605115",
        "address": "702 EMILY PL NW, ATLANTA GA 30318",
        "status": "Accepted",
        "date": "10/02/2026",
        "description": null,
        "owner": "SMITH RALPH",
        "tree_dbh": "17",
        "tree_location": "Front left of Lot 2 (698)",
        "reason_removal": "Uncorrectable defect",
        "tree_description": "Trunk damaged by neighboring tree (Tree 5)",
        "tree_number": "4",
        "species": "Red Oak",
        "comments": "Weak area in tree with increased failure potential",
        "tree_count": 5,
        "trees": [
          {
            "tree_number": "4",
            "species": "Red Oak",
            "tree_dbh": "17",
            "tree_location": "Front left of Lot 2 (698)",
            "tree_description": "Trunk damaged by neighboring tree (Tree 5)",
            "reason_removal": "Uncorrectable defect",
            "comments": "Weak area in tree with increased failure potential"
          },
          {
            "tree_number": "6",
            "species": "Bradford Pear",
            "tree_dbh": "24",
            "tree_location": "Rear left of Lot 2 (698)",
            "tree_description": "Multi-trunked 6/6/4/8\". nuisance tree",
            "reason_removal": "Other",
            "comments": "Weak, undesirable tree"
          },
          {
            "tree_number": "16",
            "species": "Water Oak",
            "tree_dbh": "46",
            "tree_location": "Far rear",
            "tree_description": "Main lead broken/dead/missing, Decay conks present at root flare, growing through metal gate",
            "reason_removal": "Significant cavity/area of decay",
            "comments": "Root decay present, poor condition"
          },
          {
            "tree_number": "15",
            "species": "Boxelder",
            "tree_dbh": "6",
            "tree_location": "Rear center",
            "tree_description": "Ivy covered, poor form, growing through fence",
            "reason_removal": "Uncorrectable defect",
            "comments": "Weak, damaged tree"
          },
          {
            "tree_number": "17",
            "species": "Yellow-poplar",
            "tree_dbh": "24",
            "tree_location": "far rear",
            "tree_description": "leaning/failing at >20 degrees, 24\" basal cavity",
            "reason_removal": "Uncorrectable defect",
            "comments": "Poor condition tree."
          }
        ]
      },
      "geometry": {
        "type": "Point",
        "coordinates": [
          -84.452304487753,
          33.77453597729
        ]
      }
    },
    {
      "type": "Feature",
      "properties": {
        "record": "BA-202605126",
        "address": "2898 NORTH HILLS DR NE, ATLANTA GA 30305",
        "status": "Accepted",
        "date": "10/02/2026",
        "description": null,
        "owner": "STEPHENSON ANDREW M",
        "tree_dbh": "16",
        "tree_location": "Along driveway",
        "reason_removal": "Invasive/undesirable tree",
        "tree_description": "hackberry with incredibly sticky black residue pouring off ruining our cars, landscaping, grass and making driveway and walkways dangerous",
        "tree_number": "1",
        "species": "Hackberry",
        "comments": null,
        "tree_count": 2,
        "trees": [
          {
            "tree_number": "1",
            "species": "Hackberry",
            "tree_dbh": "16",
            "tree_location": "Along driveway",
            "tree_description": "hackberry with incredibly sticky black residue pouring off ruining our cars, landscaping, grass and making driveway and walkways dangerous",
            "reason_removal": "Invasive/undesirable tree",
            "comments": null
          },
          {
            "tree_number": "2",
            "species": "hackberry",
            "tree_dbh": "16",
            "tree_location": "along driveway",
            "tree_description": "hackberry with incredibly sticky black residue pouring off ruining our cars, landscaping, grass and making driveway and walkways dangerous",
            "reason_removal": "Invasive/undesirable tree",
            "comments": null
          }
        ]
      },
      "geometry": {
        "type": "Point",
        "coordinates": [
          -84.370538503904,
          33.833780838724
        ]
      }
    },
    {
      "type": "Feature",
      "properties": {
        "record": "BA-202605125",
        "address": "242 LAKEVIEW AVE NE, ATLANTA GA 30305",
        "status": "Accepted",
        "date": "10/02/2026",
        "description": null,
        "owner": "Spencer Sloan",
        "tree_dbh": "10",
        "tree_location": "Right side of backyard",
        "reason_removal": "Uncorrectable defect",
        "tree_description": "Trees are beyond their useful lifespan, with only green on their outer extremities, nearly dead at the bottom.",
        "tree_number": "1",
        "species": "Leyland Cypress",
        "comments": null,
        "tree_count": 5,
        "trees": [
          {
            "tree_number": "1",
            "species": "Leyland Cypress",
            "tree_dbh": "10",
            "tree_location": "Right side of backyard",
            "tree_description": "Trees are beyond their useful lifespan, with only green on their outer extremities, nearly dead at the bottom.",
            "reason_removal": "Uncorrectable defect",
            "comments": null
          },
          {
            "tree_number": "2",
            "species": "Leyland Cypress",
            "tree_dbh": "10",
            "tree_location": "Right side of backyard",
            "tree_description": "Trees are beyond their useful lifespan, with only green on their outer extremities, nearly dead at the bottom.",
            "reason_removal": "Uncorrectable defect",
            "comments": null
          },
          {
            "tree_number": "3",
            "species": "Leyland Cypress",
            "tree_dbh": "10",
            "tree_location": "Right side of backyard",
            "tree_description": "Trees are beyond their useful lifespan, with only green on their outer extremities, nearly dead at the bottom.",
            "reason_removal": "Uncorrectable defect",
            "comments": null
          },
          {
            "tree_number": "4",
            "species": "Laurels",
            "tree_dbh": "9",
            "tree_location": "Right of house",
            "tree_description": "Beyond useful lifespan. Trees only have green at the top, the lower segments have dies and been pruned away.",
            "reason_removal": "Uncorrectable defect",
            "comments": null
          },
          {
            "tree_number": "5",
            "species": "Laurels",
            "tree_dbh": "9",
            "tree_location": "Right of house",
            "tree_description": "Beyond useful lifespan. Trees only have green at the top, the lower segments have dies and been pruned away.",
            "reason_removal": "Uncorrectable defect",
            "comments": null
          }
        ]
      },
      "geometry": {
        "type": "Point",
        "coordinates": [
          -84.379865542322,
          33.824669844878
        ]
      }
    },
    {
      "type": "Feature",
      "properties": {
        "record": "BA-202605124",
        "address": "189 PINELAND RD NW, ATLANTA GA 30342",
        "status": "Accepted",
        "date": "10/02/2026",
        "description": null,
        "owner": null,
        "tree_dbh": "25",
        "tree_location": "Back center of the property near the out building",
        "reason_removal": "Dying tree",
        "tree_description": "Significant Canopy decline",
        "tree_number": "1",
        "species": "Hickory",
        "comments": null,
        "tree_count": 6,
        "trees": [
          {
            "tree_number": "1",
            "species": "Hickory",
            "tree_dbh": "25",
            "tree_location": "Back center of the property near the out building",
            "tree_description": "Significant Canopy decline",
            "reason_removal": "Dying tree",
            "comments": null
          },
          {
            "tree_number": "2",
            "species": "Pine",
            "tree_dbh": "28",
            "tree_location": "Back center of the property",
            "tree_description": "Fusiform Canker on the lower trunk",
            "reason_removal": "Diseased",
            "comments": null
          },
          {
            "tree_number": "3",
            "species": "Leyland Cypress",
            "tree_dbh": "15",
            "tree_location": "Near the left rear corner of the house",
            "tree_description": "Seiridium Canker",
            "reason_removal": "Diseased",
            "comments": null
          },
          {
            "tree_number": "4",
            "species": "Leyland Cypress",
            "tree_dbh": "16",
            "tree_location": "Left rear corner of the House",
            "tree_description": "Seiridium Canker",
            "reason_removal": "Diseased",
            "comments": null
          },
          {
            "tree_number": "5",
            "species": "Leyland Cypress",
            "tree_dbh": "16",
            "tree_location": "Left rear corner of the house",
            "tree_description": "seiridium Canker",
            "reason_removal": "Diseased",
            "comments": null
          },
          {
            "tree_number": "6",
            "species": "Leyland Cypress",
            "tree_dbh": "15",
            "tree_location": "Left Rear corner of the house",
            "tree_description": "seiridium Canker",
            "reason_removal": "Diseased",
            "comments": null
          }
        ]
      },
      "geometry": {
        "type": "Point",
        "coordinates": [
          -84.394680258067,
          33.866457110193
        ]
      }
    },
    {
      "type": "Feature",
      "properties": {
        "record": "26TMP-065294",
        "address": "1624 SANDTOWN RD SW, ATLANTA GA 30311",
        "status": null,
        "date": "10/02/2026",
        "description": null,
        "owner": null,
        "tree_dbh": null,
        "tree_location": null,
        "reason_removal": null,
        "tree_description": null,
        "tree_number": null,
        "species": null,
        "comments": null,
        "tree_count": null,
        "trees": null
      },
      "geometry": {
        "type": "Point",
        "coordinates": [
          -84.441804668228,
          33.715475435905
        ]
      }
    },
    {
      "type": "Feature",
      "properties": {
        "record": "BA-202605130",
        "address": "3440 KNOLLWOOD DR NW, ATLANTA GA 30305",
        "status": "ACA Pending",
        "date": "10/02/2026",
        "description": null,
        "owner": null,
        "tree_dbh": "30",
        "tree_location": "back yard left",
        "reason_removal": "Other",
        "tree_description": "Picture of tree",
        "tree_number": "1",
        "species": "Poplar",
        "comments": "in major decline with dead tips throughout canopy.",
        "tree_count": 1,
        "trees": [
          {
            "tree_number": "1",
            "species": "Poplar",
            "tree_dbh": "30",
            "tree_location": "back yard left",
            "tree_description": "Picture of tree",
            "reason_removal": "Other",
            "comments": "in major decline with dead tips throughout canopy."
          }
        ]
      },
      "geometry": {
        "type": "Point",
        "coordinates": [
          -84.395850122656,
          33.849431206447
        ]
      }
    },
    {
      "type": "Feature",
      "properties": {
        "record": "BA-202605128",
        "address": "967 VICTORY DR SW, ATLANTA GA 30310",
        "status": "Accepted",
        "date": "10/02/2026",
        "description": null,
        "owner": "LOWMAN ROBIN P",
        "tree_dbh": "34",
        "tree_location": "front yard",
        "reason_removal": "Diseased",
        "tree_description": "diseased pecan with decay on stem and cavities in canopy",
        "tree_number": "1",
        "species": "Pecan",
        "comments": null,
        "tree_count": 1,
        "trees": [
          {
            "tree_number": "1",
            "species": "Pecan",
            "tree_dbh": "34",
            "tree_location": "front yard",
            "tree_description": "diseased pecan with decay on stem and cavities in canopy",
            "reason_removal": "Diseased",
            "comments": null
          }
        ]
      },
      "geometry": {
        "type": "Point",
        "coordinates": [
          -84.419829102631,
          33.707767805456
        ]
      }
    },
    {
      "type": "Feature",
      "properties": {
        "record": "BA-202605121",
        "address": "2655 HOSEA L WILLIAMS DR SE, ATLANTA GA 30317",
        "status": "Accepted",
        "date": "10/02/2026",
        "description": null,
        "owner": "Sam Huntley",
        "tree_dbh": "8",
        "tree_location": "Right side backyard",
        "reason_removal": "Invasive/undesirable tree",
        "tree_description": "Undesirable",
        "tree_number": "1",
        "species": "Mulberry",
        "comments": "Ribbon",
        "tree_count": 2,
        "trees": [
          {
            "tree_number": "1",
            "species": "Mulberry",
            "tree_dbh": "8",
            "tree_location": "Right side backyard",
            "tree_description": "Undesirable",
            "reason_removal": "Invasive/undesirable tree",
            "comments": "Ribbon"
          },
          {
            "tree_number": "2",
            "species": "Mulberry",
            "tree_dbh": "12",
            "tree_location": "Right side backyard",
            "tree_description": "Undesirable",
            "reason_removal": "Invasive/undesirable tree",
            "comments": "Ribbon"
          }
        ]
      },
      "geometry": {
        "type": "Point",
        "coordinates": [
          -84.299776033611,
          33.751312733517
        ]
      }
    },
    {
      "type": "Feature",
      "properties": {
        "record": "BA-202605132",
        "address": "2766 ARBOR AVE SE, ATLANTA GA 30317",
        "status": "ACA Pending",
        "date": "10/02/2026",
        "description": null,
        "owner": "Max Boydston",
        "tree_dbh": "29",
        "tree_location": "Back right",
        "reason_removal": "Uncorrectable defect",
        "tree_description": "Co-dominate union with included bark, some decay at base of tree, prior large limb removal at trunk left poor compartmentalization with decay in trunk",
        "tree_number": "1",
        "species": "Water Oak",
        "comments": "Orange paint",
        "tree_count": 1,
        "trees": [
          {
            "tree_number": "1",
            "species": "Water Oak",
            "tree_dbh": "29",
            "tree_location": "Back right",
            "tree_description": "Co-dominate union with included bark, some decay at base of tree, prior large limb removal at trunk left poor compartmentalization with decay in trunk",
            "reason_removal": "Uncorrectable defect",
            "comments": "Orange paint"
          }
        ]
      },
      "geometry": {
        "type": "Point",
        "coordinates": [
          -84.2969236486,
          33.750285011159
        ]
      }
    },
    {
      "type": "Feature",
      "properties": {
        "record": "BA-202605122",
        "address": "1729 BREWER BLVD SW, ATLANTA GA 30310",
        "status": "Issued",
        "date": "10/02/2026",
        "description": "DDH",
        "owner": null,
        "tree_dbh": null,
        "tree_location": null,
        "reason_removal": null,
        "tree_description": null,
        "tree_number": null,
        "species": null,
        "comments": null,
        "tree_count": null,
        "trees": null
      },
      "geometry": {
        "type": "Point",
        "coordinates": [
          -84.415857314484,
          33.707440124198
        ]
      }
    },
    {
      "type": "Feature",
      "properties": {
        "record": "BA-202605135",
        "address": "672 TIMM VALLEY RD NE, ATLANTA GA 30305",
        "status": "ACA Pending",
        "date": "10/03/2026",
        "description": null,
        "owner": "LORENC BARBARA A",
        "tree_dbh": "18",
        "tree_location": "rear center",
        "reason_removal": "Uncorrectable defect",
        "tree_description": "*** Remove the 18-inch DBH pine tree located at the bottom center of the driveway. The tree has a pronounced lean toward the neighboring home, creating a risk of failure onto the residence. Removal is recommended to reduce the potential for property damage. (Rear center)",
        "tree_number": "1",
        "species": "pine",
        "comments": null,
        "tree_count": 2,
        "trees": [
          {
            "tree_number": "1",
            "species": "pine",
            "tree_dbh": "18",
            "tree_location": "rear center",
            "tree_description": "*** Remove the 18-inch DBH pine tree located at the bottom center of the driveway. The tree has a pronounced lean toward the neighboring home, creating a risk of failure onto the residence. Removal is recommended to reduce the potential for property damage. (Rear center)",
            "reason_removal": "Uncorrectable defect",
            "comments": null
          },
          {
            "tree_number": "2",
            "species": "poplar",
            "tree_dbh": "30",
            "tree_location": "rear center",
            "tree_description": "Remove the 30-inch DBH poplar. The tree has a pronounced lean toward the neighboring home and extensive crown dieback, with an estimated 40% of the crown already lost. Large limbs have fallen onto the neighboring fence. Given the tree’s condition and proximity to the home and fence, removal is strongly recommended to reduce the risk of further limb or tree failure and property damage. (Rear center)",
            "reason_removal": "Uncorrectable defect",
            "comments": null
          }
        ]
      },
      "geometry": {
        "type": "Point",
        "coordinates": [
          -84.363622595627,
          33.836508455596
        ]
      }
    },
    {
      "type": "Feature",
      "properties": {
        "record": "BA-202605137",
        "address": "1116 ROXBORO DR NE, ATLANTA GA 30324",
        "status": "ACA Pending",
        "date": "10/03/2026",
        "description": null,
        "owner": "WALLACE HELEN",
        "tree_dbh": "33",
        "tree_location": "Please see site map.",
        "reason_removal": "Dead tree",
        "tree_description": "Numbered flagging tape",
        "tree_number": "1",
        "species": "Oak",
        "comments": "Tree appears dead.",
        "tree_count": 6,
        "trees": [
          {
            "tree_number": "1",
            "species": "Oak",
            "tree_dbh": "33",
            "tree_location": "Please see site map.",
            "tree_description": "Numbered flagging tape",
            "reason_removal": "Dead tree",
            "comments": "Tree appears dead."
          },
          {
            "tree_number": "2",
            "species": "Hickory",
            "tree_dbh": "13",
            "tree_location": "Please see site map.",
            "tree_description": "Numbered flagging tape",
            "reason_removal": "Significant cavity/area of decay",
            "comments": "Basal wound with sloughing bark and visible decay."
          },
          {
            "tree_number": "3",
            "species": "Oak",
            "tree_dbh": "20",
            "tree_location": "Please see site map.",
            "tree_description": "Numbered flagging tape",
            "reason_removal": "Uncorrectable defect",
            "comments": "Loss of natural top and apical dominance. Decayed remnant of the former leader persists within the upper crown."
          },
          {
            "tree_number": "4",
            "species": "Oak",
            "tree_dbh": "32",
            "tree_location": "Please see site map.",
            "tree_description": "Numbered flagging tape",
            "reason_removal": "Dead tree",
            "comments": "Tree appears dead."
          },
          {
            "tree_number": "5",
            "species": "Pine",
            "tree_dbh": "20",
            "tree_location": "Please see site map.",
            "tree_description": "Numbered flagging tape",
            "reason_removal": "Uncorrectable defect",
            "comments": "Dead co-dominant leader. Remaining co-dominant leader exhibits significant terminal dieback."
          },
          {
            "tree_number": "6",
            "species": "Poplar",
            "tree_dbh": "19",
            "tree_location": "Please see site map.",
            "tree_description": "Numbered flagging tape",
            "reason_removal": "Significant cavity/area of decay",
            "comments": "Bending moment associated with an apparent prior mechanical injury or possible co-dominant stem failure. Cavity with visible decay is present behind secondary growth originating from wound wood."
          }
        ]
      },
      "geometry": {
        "type": "Point",
        "coordinates": [
          -84.35089474115,
          33.838795518233
        ]
      }
    },
    {
      "type": "Feature",
      "properties": {
        "record": "BA-202605134",
        "address": "4521 CLUB VALLEY DR NE, ATLANTA GA 30319",
        "status": "ACA Pending",
        "date": "10/03/2026",
        "description": null,
        "owner": "Thomas Trevett",
        "tree_dbh": "3",
        "tree_location": "Rear side",
        "reason_removal": "Dying tree",
        "tree_description": "Pine tree appears to be rotting on one side near the base",
        "tree_number": "1",
        "species": "Pine",
        "comments": null,
        "tree_count": 1,
        "trees": [
          {
            "tree_number": "1",
            "species": "Pine",
            "tree_dbh": "3",
            "tree_location": "Rear side",
            "tree_description": "Pine tree appears to be rotting on one side near the base",
            "reason_removal": "Dying tree",
            "comments": null
          }
        ]
      },
      "geometry": {
        "type": "Point",
        "coordinates": [
          -84.352480816325,
          33.878184144796
        ]
      }
    },
    {
      "type": "Feature",
      "properties": {
        "record": "BA-202605136",
        "address": "1842 MARLBROOK DR NE, ATLANTA GA 30307",
        "status": "ACA Pending",
        "date": "10/03/2026",
        "description": null,
        "owner": "HILBUN GORDON",
        "tree_dbh": "28",
        "tree_location": "Front Yard",
        "reason_removal": "Invasive/undesirable tree",
        "tree_description": null,
        "tree_number": "1",
        "species": "Water Oak",
        "comments": "We will replace the tree with a native Georgia Red Maple",
        "tree_count": 2,
        "trees": [
          {
            "tree_number": "1",
            "species": "Water Oak",
            "tree_dbh": "28",
            "tree_location": "Front Yard",
            "tree_description": null,
            "reason_removal": "Invasive/undesirable tree",
            "comments": "We will replace the tree with a native Georgia Red Maple"
          },
          {
            "tree_number": "2",
            "species": "Water Oak",
            "tree_dbh": "30",
            "tree_location": "Back yard",
            "tree_description": null,
            "reason_removal": "Invasive/undesirable tree",
            "comments": "Will replace with native GA red maple"
          }
        ]
      },
      "geometry": {
        "type": "Point",
        "coordinates": [
          -84.327502576502,
          33.767438503743
        ]
      }
    },
    {
      "type": "Feature",
      "properties": {
        "record": "BA-202605139",
        "address": "804 DIXIE AVE NE, ATLANTA GA 30307",
        "status": "ACA Pending",
        "date": "10/04/2026",
        "description": null,
        "owner": "Lisa M Bonet",
        "tree_dbh": "46",
        "tree_location": "right side of parking area",
        "reason_removal": "Other",
        "tree_description": "tree is a 46\" oak that has dropped limbs during the last few storms.",
        "tree_number": "1",
        "species": "oak",
        "comments": "customer states the tree is too close to the building and would like to have it removed due to roots potentially going under the foundation and a few limbs have fallen during the last few storms.",
        "tree_count": 2,
        "trees": [
          {
            "tree_number": "1",
            "species": "oak",
            "tree_dbh": "46",
            "tree_location": "right side of parking area",
            "tree_description": "tree is a 46\" oak that has dropped limbs during the last few storms.",
            "reason_removal": "Other",
            "comments": "customer states the tree is too close to the building and would like to have it removed due to roots potentially going under the foundation and a few limbs have fallen during the last few storms."
          },
          {
            "tree_number": "1",
            "species": "unknown",
            "tree_dbh": "12",
            "tree_location": "left side of the paring lot near dumpsters",
            "tree_description": "dead tree near dumpster",
            "reason_removal": "Dead tree",
            "comments": null
          }
        ]
      },
      "geometry": {
        "type": "Point",
        "coordinates": [
          -84.361315937585,
          33.756774671658
        ]
      }
    },
    {
      "type": "Feature",
      "properties": {
        "record": "BA-202605138",
        "address": "1768 HELEN DR NE, ATLANTA GA 30306",
        "status": "ACA Pending",
        "date": "10/04/2026",
        "description": null,
        "owner": null,
        "tree_dbh": null,
        "tree_location": null,
        "reason_removal": null,
        "tree_description": null,
        "tree_number": null,
        "species": null,
        "comments": null,
        "tree_count": null,
        "trees": null
      },
      "geometry": {
        "type": "Point",
        "coordinates": [
          -84.339309184294,
          33.801816477096
        ]
      }
    },
    {
      "type": "Feature",
      "properties": {
        "record": "26TMP-065353",
        "address": "1054 CRANE RD NE, ATLANTA GA 30324",
        "status": null,
        "date": "10/05/2026",
        "description": null,
        "owner": null,
        "tree_dbh": null,
        "tree_location": null,
        "reason_removal": null,
        "tree_description": null,
        "tree_number": null,
        "species": null,
        "comments": null,
        "tree_count": null,
        "trees": null
      },
      "geometry": {
        "type": "Point",
        "coordinates": [
          -84.354365867727,
          33.839748637275
        ]
      }
    },
    {
      "type": "Feature",
      "properties": {
        "record": "BA-202605157",
        "address": "2807 NORTH HILLS DR NE, ATLANTA GA 30305",
        "status": "ACA Pending",
        "date": "10/05/2026",
        "description": null,
        "owner": null,
        "tree_dbh": "36",
        "tree_location": "(Left of Driveway",
        "reason_removal": "Dying tree",
        "tree_description": "This tree has signs of ambrosia beetle as well as phytophthora root rot. The canopy has approximately 10% live canopy. Tree is DDH",
        "tree_number": "1",
        "species": "water oak",
        "comments": null,
        "tree_count": 4,
        "trees": [
          {
            "tree_number": "1",
            "species": "water oak",
            "tree_dbh": "36",
            "tree_location": "(Left of Driveway",
            "tree_description": "This tree has signs of ambrosia beetle as well as phytophthora root rot. The canopy has approximately 10% live canopy. Tree is DDH",
            "reason_removal": "Dying tree",
            "comments": null
          },
          {
            "tree_number": "2",
            "species": "holly",
            "tree_dbh": "9",
            "tree_location": "(Left of Driveway",
            "tree_description": "This tree is growing against the water oak. We will need to remove this tree in the process of the water oak.",
            "reason_removal": "Dying tree",
            "comments": null
          },
          {
            "tree_number": "3",
            "species": "cheery laurel",
            "tree_dbh": "8",
            "tree_location": "front right",
            "tree_description": "This tree has a lean towards the house. Client would like to remove the invasive species.",
            "reason_removal": "Dying tree",
            "comments": null
          },
          {
            "tree_number": "4",
            "species": "cherry laurel",
            "tree_dbh": "11",
            "tree_location": "left",
            "tree_description": "this tree has white rot. Client would like to remove invasive species.",
            "reason_removal": "Dying tree",
            "comments": null
          }
        ]
      },
      "geometry": {
        "type": "Point",
        "coordinates": [
          -84.372100637257,
          33.831158532488
        ]
      }
    },
    {
      "type": "Feature",
      "properties": {
        "record": "BA-202605155",
        "address": "2630 PEACHTREE BATTLE PL NW, ATLANTA GA 30327",
        "status": "ACA Pending",
        "date": "10/05/2026",
        "description": null,
        "owner": null,
        "tree_dbh": "12",
        "tree_location": "front yard",
        "reason_removal": "Dead tree",
        "tree_description": "Dead oak tree that we have been advised to have taken down",
        "tree_number": "1",
        "species": "oak",
        "comments": "just looking to take down the single dead tree that is threatening the house",
        "tree_count": 1,
        "trees": [
          {
            "tree_number": "1",
            "species": "oak",
            "tree_dbh": "12",
            "tree_location": "front yard",
            "tree_description": "Dead oak tree that we have been advised to have taken down",
            "reason_removal": "Dead tree",
            "comments": "just looking to take down the single dead tree that is threatening the house"
          }
        ]
      },
      "geometry": {
        "type": "Point",
        "coordinates": [
          -84.43276350096,
          33.827525151691
        ]
      }
    },
    {
      "type": "Feature",
      "properties": {
        "record": "BA-202605169",
        "address": "125 MONTGOMERY FERRY DR NE, ATLANTA GA 30309",
        "status": "ACA Pending",
        "date": "10/05/2026",
        "description": null,
        "owner": "Jake Mendel",
        "tree_dbh": "12",
        "tree_location": "Front yard",
        "reason_removal": "Other",
        "tree_description": null,
        "tree_number": "1",
        "species": "Crepe myrtle",
        "comments": "Client wants to remove the tree",
        "tree_count": 1,
        "trees": [
          {
            "tree_number": "1",
            "species": "Crepe myrtle",
            "tree_dbh": "12",
            "tree_location": "Front yard",
            "tree_description": null,
            "reason_removal": "Other",
            "comments": "Client wants to remove the tree"
          }
        ]
      },
      "geometry": {
        "type": "Point",
        "coordinates": [
          -84.377402026077,
          33.799292086543
        ]
      }
    },
    {
      "type": "Feature",
      "properties": {
        "record": "BA-202605158",
        "address": "384 CATIVO DR SW, ATLANTA GA 30311",
        "status": "ACA Pending",
        "date": "10/05/2026",
        "description": null,
        "owner": null,
        "tree_dbh": null,
        "tree_location": null,
        "reason_removal": null,
        "tree_description": null,
        "tree_number": null,
        "species": null,
        "comments": null,
        "tree_count": null,
        "trees": null
      },
      "geometry": {
        "type": "Point",
        "coordinates": [
          -84.470433369905,
          33.745380103862
        ]
      }
    },
    {
      "type": "Feature",
      "properties": {
        "record": "BA-202605171",
        "address": "1450 VAN VLECK AVE SE, ATLANTA GA 30316",
        "status": "ACA Pending",
        "date": "10/05/2026",
        "description": null,
        "owner": null,
        "tree_dbh": null,
        "tree_location": null,
        "reason_removal": null,
        "tree_description": null,
        "tree_number": null,
        "species": null,
        "comments": null,
        "tree_count": null,
        "trees": null
      },
      "geometry": {
        "type": "Point",
        "coordinates": [
          -84.339861688482,
          33.736414824884
        ]
      }
    },
    {
      "type": "Feature",
      "properties": {
        "record": "26TMP-065752",
        "address": "2291 BAYWOOD DR SE, ATLANTA GA 30315",
        "status": null,
        "date": "10/05/2026",
        "description": null,
        "owner": null,
        "tree_dbh": null,
        "tree_location": null,
        "reason_removal": null,
        "tree_description": null,
        "tree_number": null,
        "species": null,
        "comments": null,
        "tree_count": null,
        "trees": null
      },
      "geometry": {
        "type": "Point",
        "coordinates": [
          -84.388024394547,
          33.691634701859
        ]
      }
    },
    {
      "type": "Feature",
      "properties": {
        "record": "BA-202605142",
        "address": "906 VIRGINIA CIR NE, ATLANTA GA 00000",
        "status": "ACA Pending",
        "date": "10/05/2026",
        "description": null,
        "owner": null,
        "tree_dbh": null,
        "tree_location": null,
        "reason_removal": null,
        "tree_description": null,
        "tree_number": null,
        "species": null,
        "comments": null,
        "tree_count": null,
        "trees": null
      },
      "geometry": {
        "type": "Point",
        "coordinates": [
          -84.358009263642,
          33.78107008239
        ]
      }
    },
    {
      "type": "Feature",
      "properties": {
        "record": "26TMP-065760",
        "address": "2961 MOCKINGBIRD LN SW, ATLANTA GA 30311",
        "status": null,
        "date": "10/05/2026",
        "description": null,
        "owner": null,
        "tree_dbh": null,
        "tree_location": null,
        "reason_removal": null,
        "tree_description": null,
        "tree_number": null,
        "species": null,
        "comments": null,
        "tree_count": null,
        "trees": null
      },
      "geometry": {
        "type": "Point",
        "coordinates": [
          -84.484286325861,
          33.72769773048
        ]
      }
    },
    {
      "type": "Feature",
      "properties": {
        "record": "BA-202605166",
        "address": "3230 WEST ROXBORO RD NE, ATLANTA GA 30324",
        "status": "ACA Pending",
        "date": "10/05/2026",
        "description": null,
        "owner": null,
        "tree_dbh": null,
        "tree_location": null,
        "reason_removal": null,
        "tree_description": null,
        "tree_number": null,
        "species": null,
        "comments": null,
        "tree_count": null,
        "trees": null
      },
      "geometry": {
        "type": "Point",
        "coordinates": [
          -84.350532294045,
          33.843054308891
        ]
      }
    },
    {
      "type": "Feature",
      "properties": {
        "record": "BA-202605151",
        "address": "341 COCHRAN DR NW, ATLANTA GA 30327",
        "status": "ACA Pending",
        "date": "10/05/2026",
        "description": null,
        "owner": "CARUSI ANGELO A",
        "tree_dbh": "30",
        "tree_location": "back yard East side",
        "reason_removal": "Other",
        "tree_description": "Large and leaning, tree otherwise appears healthy",
        "tree_number": "1",
        "species": "poplar",
        "comments": "Concern that rains could loosen soil to point where tree would fall with strong winds",
        "tree_count": 1,
        "trees": [
          {
            "tree_number": "1",
            "species": "poplar",
            "tree_dbh": "30",
            "tree_location": "back yard East side",
            "tree_description": "Large and leaning, tree otherwise appears healthy",
            "reason_removal": "Other",
            "comments": "Concern that rains could loosen soil to point where tree would fall with strong winds"
          }
        ]
      },
      "geometry": {
        "type": "Point",
        "coordinates": [
          -84.399022757164,
          33.877247905339
        ]
      }
    },
    {
      "type": "Feature",
      "properties": {
        "record": "BA-202605170",
        "address": "3725 ADKINS RD NW, ATLANTA GA 30331",
        "status": "ACA Pending",
        "date": "10/05/2026",
        "description": null,
        "owner": null,
        "tree_dbh": "48",
        "tree_location": "back yard",
        "reason_removal": "Dead tree",
        "tree_description": "tall dead or dying tree",
        "tree_number": "1",
        "species": "pine",
        "comments": "backyard area. Tree my possibly fall on property",
        "tree_count": 4,
        "trees": [
          {
            "tree_number": "1",
            "species": "pine",
            "tree_dbh": "48",
            "tree_location": "back yard",
            "tree_description": "tall dead or dying tree",
            "reason_removal": "Dead tree",
            "comments": "backyard area. Tree my possibly fall on property"
          },
          {
            "tree_number": "2",
            "species": "pine",
            "tree_dbh": "45",
            "tree_location": "back yard",
            "tree_description": "tall dead or dying",
            "reason_removal": "Dead tree",
            "comments": "tree moves when wind is blowing. Concerns of tree falling on home"
          },
          {
            "tree_number": "3",
            "species": "pine",
            "tree_dbh": "50",
            "tree_location": "back yard",
            "tree_description": "tall dead or dying",
            "reason_removal": "Dead tree",
            "comments": "tree moves when wind is blowing. Concerns of tree falling on home"
          },
          {
            "tree_number": "4",
            "species": "pine",
            "tree_dbh": "60",
            "tree_location": "back yard",
            "tree_description": "dead or dying tree",
            "reason_removal": "Dead tree",
            "comments": "tree moves when wind is blowing. Concerns of tree falling on home"
          }
        ]
      },
      "geometry": {
        "type": "Point",
        "coordinates": [
          -84.509372372252,
          33.773509418848
        ]
      }
    },
    {
      "type": "Feature",
      "properties": {
        "record": "26TMP-065746",
        "address": "953 HARWELL ST NW, ATLANTA GA 30314",
        "status": null,
        "date": "10/05/2026",
        "description": null,
        "owner": null,
        "tree_dbh": null,
        "tree_location": null,
        "reason_removal": null,
        "tree_description": null,
        "tree_number": null,
        "species": null,
        "comments": null,
        "tree_count": null,
        "trees": null
      },
      "geometry": {
        "type": "Point",
        "coordinates": [
          -84.418583114159,
          33.755625795106
        ]
      }
    },
    {
      "type": "Feature",
      "properties": {
        "record": "BA-202605156",
        "address": "720 AMSTERDAM AVE NE, ATLANTA GA 30306",
        "status": "ACA Pending",
        "date": "10/05/2026",
        "description": null,
        "owner": "ADAMS GORDON R",
        "tree_dbh": "30",
        "tree_location": "Rear",
        "reason_removal": "Dead tree",
        "tree_description": "Dead Pine Beetle at base",
        "tree_number": "1",
        "species": "Pine",
        "comments": null,
        "tree_count": 1,
        "trees": [
          {
            "tree_number": "1",
            "species": "Pine",
            "tree_dbh": "30",
            "tree_location": "Rear",
            "tree_description": "Dead Pine Beetle at base",
            "reason_removal": "Dead tree",
            "comments": null
          }
        ]
      },
      "geometry": {
        "type": "Point",
        "coordinates": [
          -84.363499741399,
          33.787670852182
        ]
      }
    },
    {
      "type": "Feature",
      "properties": {
        "record": "BA-202605167",
        "address": "346 CLIFTON RD NE, ATLANTA GA 30307",
        "status": "ACA Pending",
        "date": "10/05/2026",
        "description": null,
        "owner": null,
        "tree_dbh": "22",
        "tree_location": "Back left",
        "reason_removal": "Significant cavity/area of decay",
        "tree_description": "22-in Oak back left of house has fruiting bodies Decay and hole at base",
        "tree_number": "1",
        "species": "Oak",
        "comments": "22-in Oak back left of house has fruiting bodies Decay and hole at base",
        "tree_count": 1,
        "trees": [
          {
            "tree_number": "1",
            "species": "Oak",
            "tree_dbh": "22",
            "tree_location": "Back left",
            "tree_description": "22-in Oak back left of house has fruiting bodies Decay and hole at base",
            "reason_removal": "Significant cavity/area of decay",
            "comments": "22-in Oak back left of house has fruiting bodies Decay and hole at base"
          }
        ]
      },
      "geometry": {
        "type": "Point",
        "coordinates": [
          -84.333052729412,
          33.76411731616
        ]
      }
    },
    {
      "type": "Feature",
      "properties": {
        "record": "BA-202605154",
        "address": "1499 LANIER PL NE, ATLANTA GA 30306",
        "status": "ACA Pending",
        "date": "10/05/2026",
        "description": null,
        "owner": null,
        "tree_dbh": "9.5",
        "tree_location": "Front of the house",
        "reason_removal": "Uncorrectable defect",
        "tree_description": "Dangerous tree leaning over powerlines.",
        "tree_number": "1",
        "species": "Oak",
        "comments": null,
        "tree_count": 1,
        "trees": [
          {
            "tree_number": "1",
            "species": "Oak",
            "tree_dbh": "9.5",
            "tree_location": "Front of the house",
            "tree_description": "Dangerous tree leaning over powerlines.",
            "reason_removal": "Uncorrectable defect",
            "comments": null
          }
        ]
      },
      "geometry": {
        "type": "Point",
        "coordinates": [
          -84.354451648971,
          33.793820048942
        ]
      }
    },
    {
      "type": "Feature",
      "properties": {
        "record": "BA-202605164",
        "address": "1560 CLAIRMONT RD NE, ATLANTA GA",
        "status": "ACA Pending",
        "date": "10/05/2026",
        "description": null,
        "owner": "Emory University",
        "tree_dbh": "18",
        "tree_location": "1700 Starvine Way",
        "reason_removal": "Dead tree",
        "tree_description": "dead pine",
        "tree_number": "1",
        "species": "short leaf pine",
        "comments": "located in the meadow on the side of Clifton School at 1700 Starvine Way",
        "tree_count": 3,
        "trees": [
          {
            "tree_number": "1",
            "species": "short leaf pine",
            "tree_dbh": "18",
            "tree_location": "1700 Starvine Way",
            "tree_description": "dead pine",
            "reason_removal": "Dead tree",
            "comments": "located in the meadow on the side of Clifton School at 1700 Starvine Way"
          },
          {
            "tree_number": "2",
            "species": "pine",
            "tree_dbh": "22",
            "tree_location": "1700 Starvine Way",
            "tree_description": "fungal bodies, dead pine",
            "reason_removal": "Dead tree",
            "comments": "located on hill on side of Clifton Childcare 1700 Starvine Way"
          },
          {
            "tree_number": "3",
            "species": "pine",
            "tree_dbh": "21",
            "tree_location": "1700 Starvine Way",
            "tree_description": "dead pine",
            "reason_removal": "Dead tree",
            "comments": "located on hill on side of Clifton Childcare at 1700 Starvine Way"
          }
        ]
      },
      "geometry": {
        "type": "Point",
        "coordinates": [
          -84.30658228993,
          33.827035024468
        ]
      }
    },
    {
      "type": "Feature",
      "properties": {
        "record": "BA-202605152",
        "address": "27 ATLANTA AVE SE, ATLANTA GA 30315",
        "status": "ACA Pending",
        "date": "10/05/2026",
        "description": null,
        "owner": "MAC CRESCENT NO TWO LLC",
        "tree_dbh": "30",
        "tree_location": "Between 27 Atlanta Ave and 31 Atlanta Ave",
        "reason_removal": "Other",
        "tree_description": "Unsure of the species or size (I just estimated), or what tree number means. It is a large tree between my house and my neighbor's house.",
        "tree_number": "1",
        "species": "Unsure",
        "comments": "My neighbor has sent me a formal letter of concerns and has asked me to submit this application because it is dropping branches on her house and causing damage. She believes it may be dying or diseased. I have no idea the state of the tree so am hoping an arborist can help.",
        "tree_count": 1,
        "trees": [
          {
            "tree_number": "1",
            "species": "Unsure",
            "tree_dbh": "30",
            "tree_location": "Between 27 Atlanta Ave and 31 Atlanta Ave",
            "tree_description": "Unsure of the species or size (I just estimated), or what tree number means. It is a large tree between my house and my neighbor's house.",
            "reason_removal": "Other",
            "comments": "My neighbor has sent me a formal letter of concerns and has asked me to submit this application because it is dropping branches on her house and causing damage. She believes it may be dying or diseased. I have no idea the state of the tree so am hoping an arborist can help."
          }
        ]
      },
      "geometry": {
        "type": "Point",
        "coordinates": [
          -84.386956465924,
          33.730338023
        ]
      }
    },
    {
      "type": "Feature",
      "properties": {
        "record": "BA-202605168",
        "address": "1347 NORTHVIEW AVE NE, ATLANTA GA 30306",
        "status": "ACA Pending",
        "date": "10/05/2026",
        "description": null,
        "owner": "REINER MITCHELL BUDDY MENKES JENNY ANNE",
        "tree_dbh": "24",
        "tree_location": "left of house between neighbors",
        "reason_removal": "Invasive/undesirable tree",
        "tree_description": "24in Bradford Pear -within 5ft of house -decaying main stem -damaging property -limb failure -tip decline",
        "tree_number": "1",
        "species": "Bradford Pear",
        "comments": "24in Bradford Pear -within 5ft of house -decaying main stem -damaging property -limb failure",
        "tree_count": 1,
        "trees": [
          {
            "tree_number": "1",
            "species": "Bradford Pear",
            "tree_dbh": "24",
            "tree_location": "left of house between neighbors",
            "tree_description": "24in Bradford Pear -within 5ft of house -decaying main stem -damaging property -limb failure -tip decline",
            "reason_removal": "Invasive/undesirable tree",
            "comments": "24in Bradford Pear -within 5ft of house -decaying main stem -damaging property -limb failure"
          }
        ]
      },
      "geometry": {
        "type": "Point",
        "coordinates": [
          -84.35754593254,
          33.791644363846
        ]
      }
    },
    {
      "type": "Feature",
      "properties": {
        "record": "BA-202605150",
        "address": "1295 DONNELLY AVE SW, APT1, ATLANTA GA 30310",
        "status": "ACA Pending",
        "date": "10/05/2026",
        "description": null,
        "owner": "TIDELANDS EAST LLC",
        "tree_dbh": "24",
        "tree_location": "at end of leasing office bldg",
        "reason_removal": "Other",
        "tree_description": "large tree that leans more and more each year it seems, split in middle had grown deeper 50 ft tall almost",
        "tree_number": "1",
        "species": "southern oak",
        "comments": "mulitiple issues with the poor tree. it is leaning over 2 buldings probably due to damage from lightening strike down middle splitting it apart plus there is rot as we look up about 20 ft and the split widens.",
        "tree_count": 1,
        "trees": [
          {
            "tree_number": "1",
            "species": "southern oak",
            "tree_dbh": "24",
            "tree_location": "at end of leasing office bldg",
            "tree_description": "large tree that leans more and more each year it seems, split in middle had grown deeper 50 ft tall almost",
            "reason_removal": "Other",
            "comments": "mulitiple issues with the poor tree. it is leaning over 2 buldings probably due to damage from lightening strike down middle splitting it apart plus there is rot as we look up about 20 ft and the split widens."
          }
        ]
      },
      "geometry": {
        "type": "Point",
        "coordinates": [
          -84.430006799359,
          33.734992954445
        ]
      }
    },
    {
      "type": "Feature",
      "properties": {
        "record": "BA-202605146",
        "address": "1218 WEST PACES FERRY RD NW, ATLANTA GA 30327",
        "status": "ACA Pending",
        "date": "10/05/2026",
        "description": null,
        "owner": "HEALEY INVESTMENTS L P  ET AL",
        "tree_dbh": "7",
        "tree_location": "parking lot, behind wall",
        "reason_removal": "Uncorrectable defect",
        "tree_description": "Tree exhibits poor structural form, including a forked stem, unbalanced crown, and overextended lateral branching. The tree is growing immediately adjacent to the existing brick retaining wall. The wall exhibits significant localized bulging, displacement, and separation of masonry near the tree. Continued trunk and root growth presents an ongoing conflict with the retaining wall and may contribute to further displacement. Removal is recommended due to the tree’s poor structural form and its proximity to the visibly compromised retaining wall",
        "tree_number": "1",
        "species": "Pinus taeda",
        "comments": null,
        "tree_count": 8,
        "trees": [
          {
            "tree_number": "1",
            "species": "Pinus taeda",
            "tree_dbh": "7",
            "tree_location": "parking lot, behind wall",
            "tree_description": "Tree exhibits poor structural form, including a forked stem, unbalanced crown, and overextended lateral branching. The tree is growing immediately adjacent to the existing brick retaining wall. The wall exhibits significant localized bulging, displacement, and separation of masonry near the tree. Continued trunk and root growth presents an ongoing conflict with the retaining wall and may contribute to further displacement. Removal is recommended due to the tree’s poor structural form and its proximity to the visibly compromised retaining wall",
            "reason_removal": "Uncorrectable defect",
            "comments": null
          },
          {
            "tree_number": "2",
            "species": "Pinus taeda",
            "tree_dbh": "17",
            "tree_location": "parking lot, behind the wall",
            "tree_description": "Tree is growing immediately adjacent to the existing brick retaining wall, with the trunk and root flare in direct conflict with the wall. The adjacent masonry exhibits substantial outward displacement, bulging, and separation along the mortar joints. Continued radial trunk and root growth is incompatible with the existing wall and may contribute to progressive displacement. Removal is recommended to eliminate the tree-wall conflict and facilitate necessary retaining wall repair/reconstruction.",
            "reason_removal": "Uncorrectable defect",
            "comments": null
          },
          {
            "tree_number": "3",
            "species": "Pinus",
            "tree_dbh": "7",
            "tree_location": "parking lot, behind the wall",
            "tree_description": "Tree exhibits significant crown defects, including a dead/broken leader and previous stem failure within the upper crown. The resulting crown is structurally compromised and unbalanced. The tree is also growing immediately adjacent to the existing retaining wall, creating an additional site conflict. Removal is recommended due to the dead leader, compromised crown structure, and proximity to the retaining wall.",
            "reason_removal": "Dying tree",
            "comments": null
          },
          {
            "tree_number": "4",
            "species": "Pinus taeda",
            "tree_dbh": "7",
            "tree_location": "parking lot, behind the wall",
            "tree_description": "Tree exhibits a pronounced phototropic lean and an unbalanced crown with overextended lateral branching. The asymmetric growth pattern has resulted in poor structural form and crown distribution. Removal is recommended due to the tree’s poor structural form and site constraints associated with the retaining wall.",
            "reason_removal": "Uncorrectable defect",
            "comments": null
          },
          {
            "tree_number": "5",
            "species": "Pinus taeda",
            "tree_dbh": "7",
            "tree_location": "parking lot behind the wall",
            "tree_description": "Tree exhibits a pronounced phototropic lean and an unbalanced crown with overextended lateral branching. The asymmetric growth pattern has resulted in poor structural form and crown distribution. Removal is recommended due to the tree’s poor structural form and site constraints associated with the retaining wall.",
            "reason_removal": "Uncorrectable defect",
            "comments": null
          },
          {
            "tree_number": "6",
            "species": "Pinus taeda",
            "tree_dbh": "8",
            "tree_location": "parking lot behind the wall",
            "tree_description": "Tree exhibits a pronounced phototropic lean and an unbalanced crown with overextended lateral branching. The asymmetric growth pattern has resulted in poor structural form and crown distribution. Removal is recommended due to the tree’s poor structural form and site constraints associated with the retaining wall.",
            "reason_removal": "Uncorrectable defect",
            "comments": null
          },
          {
            "tree_number": "7",
            "species": "Pinus taeda",
            "tree_dbh": "22",
            "tree_location": "parking lot behind the wall",
            "tree_description": "Tree is a mature pine growing immediately upslope of and in close proximity to the existing retaining wall. Due to its size and location, the tree's structural root system likely extends into the area associated with the wall and its reconstruction. Retaining-wall repair and associated excavation may result in substantial disturbance to the tree's structural rooting area. Additionally, removal of the adjacent pines will alter the tree's existing stand conditions and increase its exposure to wind loading. Due to the anticipated root-zone disturbance, proximity to the retaining wall, and change in surrounding stand conditions, removal is recommended as part of the retaining-wall reconstruction.",
            "reason_removal": "Uncorrectable defect",
            "comments": null
          },
          {
            "tree_number": "8",
            "species": "Pinus",
            "tree_dbh": "8",
            "tree_location": "parking lot, behind the wall",
            "tree_description": "Tree exhibits a pronounced phototropic lean and an unbalanced crown with overextended lateral branching. The asymmetric growth pattern has resulted in poor structural form and crown distribution. Removal is recommended due to the tree’s poor structural form and site constraints associated with the retaining wall.",
            "reason_removal": "Uncorrectable defect",
            "comments": null
          }
        ]
      },
      "geometry": {
        "type": "Point",
        "coordinates": [
          -84.428024466587,
          33.849645892053
        ]
      }
    },
    {
      "type": "Feature",
      "properties": {
        "record": "26TMP-065732",
        "address": "1575 NORTHSIDE DR NW, A, ATLANTA GA 30318",
        "status": null,
        "date": "10/05/2026",
        "description": null,
        "owner": null,
        "tree_dbh": null,
        "tree_location": null,
        "reason_removal": null,
        "tree_description": null,
        "tree_number": null,
        "species": null,
        "comments": null,
        "tree_count": null,
        "trees": null
      },
      "geometry": {
        "type": "Point",
        "coordinates": [
          -84.407772340192,
          33.799525207772
        ]
      }
    },
    {
      "type": "Feature",
      "properties": {
        "record": "BA-202605163",
        "address": "1433 NORTH MORNINGSIDE DR NE, ATLANTA GA 30306",
        "status": "Issued",
        "date": "10/05/2026",
        "description": null,
        "owner": "Hamilton Reavey",
        "tree_dbh": "12",
        "tree_location": "Back",
        "reason_removal": "Uncorrectable defect",
        "tree_description": "Root/ground failure, tree uprooted onto retaining wall and driveway blocking access",
        "tree_number": "1",
        "species": "Flowering Pear",
        "comments": null,
        "tree_count": 1,
        "trees": [
          {
            "tree_number": "1",
            "species": "Flowering Pear",
            "tree_dbh": "12",
            "tree_location": "Back",
            "tree_description": "Root/ground failure, tree uprooted onto retaining wall and driveway blocking access",
            "reason_removal": "Uncorrectable defect",
            "comments": null
          }
        ]
      },
      "geometry": {
        "type": "Point",
        "coordinates": [
          -84.35755453293,
          33.79358925296
        ]
      }
    },
    {
      "type": "Feature",
      "properties": {
        "record": "26TMP-065750",
        "address": "871 SMITH ST SW, ATLANTA GA 30310",
        "status": null,
        "date": "10/05/2026",
        "description": null,
        "owner": null,
        "tree_dbh": null,
        "tree_location": null,
        "reason_removal": null,
        "tree_description": null,
        "tree_number": null,
        "species": null,
        "comments": null,
        "tree_count": null,
        "trees": null
      },
      "geometry": {
        "type": "Point",
        "coordinates": [
          -84.400865436622,
          33.731211028109
        ]
      }
    },
    {
      "type": "Feature",
      "properties": {
        "record": "BA-202605144",
        "address": "3975 STATEWOOD RD NE, ATLANTA GA 30342",
        "status": "ACA Pending",
        "date": "10/05/2026",
        "description": null,
        "owner": null,
        "tree_dbh": "26",
        "tree_location": "front yard",
        "reason_removal": "Dying tree",
        "tree_description": "as you can see in the picture all three pines are located together and are dying. the homeowner is worried they can come down or break limbs in a sudden storm",
        "tree_number": "1",
        "species": "pine",
        "comments": null,
        "tree_count": 3,
        "trees": [
          {
            "tree_number": "1",
            "species": "pine",
            "tree_dbh": "26",
            "tree_location": "front yard",
            "tree_description": "as you can see in the picture all three pines are located together and are dying. the homeowner is worried they can come down or break limbs in a sudden storm",
            "reason_removal": "Dying tree",
            "comments": null
          },
          {
            "tree_number": "2",
            "species": "pine",
            "tree_dbh": "15",
            "tree_location": "front yard",
            "tree_description": "this is 2 of 3 dead pines the homeowner would like to remove",
            "reason_removal": "Dead tree",
            "comments": null
          },
          {
            "tree_number": "3",
            "species": "pine",
            "tree_dbh": "18",
            "tree_location": "front yard",
            "tree_description": "this is 3 of 3 dead pines in the front yard the homeowner would like removed",
            "reason_removal": "Dead tree",
            "comments": null
          }
        ]
      },
      "geometry": {
        "type": "Point",
        "coordinates": [
          -84.366692929445,
          33.863995086388
        ]
      }
    },
    {
      "type": "Feature",
      "properties": {
        "record": "BA-202605145",
        "address": "20 BATES AVE NE, ATLANTA GA 30317",
        "status": "ACA Pending",
        "date": "10/05/2026",
        "description": null,
        "owner": "GLOVER JOHN C IV RODD TONI D",
        "tree_dbh": "12",
        "tree_location": "center right rear growing out of the driveway",
        "reason_removal": "Dying tree",
        "tree_description": "Dying tree Dangerous tree as well due to growing outward driveway",
        "tree_number": "1",
        "species": "cherry",
        "comments": null,
        "tree_count": 1,
        "trees": [
          {
            "tree_number": "1",
            "species": "cherry",
            "tree_dbh": "12",
            "tree_location": "center right rear growing out of the driveway",
            "tree_description": "Dying tree Dangerous tree as well due to growing outward driveway",
            "reason_removal": "Dying tree",
            "comments": null
          }
        ]
      },
      "geometry": {
        "type": "Point",
        "coordinates": [
          -84.317533333497,
          33.752135363426
        ]
      }
    },
    {
      "type": "Feature",
      "properties": {
        "record": "BA-202605162",
        "address": "388 COCHRAN DR NW, ATLANTA GA 30327",
        "status": "Accepted",
        "date": "10/05/2026",
        "description": null,
        "owner": null,
        "tree_dbh": "25",
        "tree_location": "front Right",
        "reason_removal": "Dying tree",
        "tree_description": "This is an invasive species.",
        "tree_number": "1",
        "species": "Bradford pear",
        "comments": null,
        "tree_count": 1,
        "trees": [
          {
            "tree_number": "1",
            "species": "Bradford pear",
            "tree_dbh": "25",
            "tree_location": "front Right",
            "tree_description": "This is an invasive species.",
            "reason_removal": "Dying tree",
            "comments": null
          }
        ]
      },
      "geometry": {
        "type": "Point",
        "coordinates": [
          -84.399978578585,
          33.877159649818
        ]
      }
    },
    {
      "type": "Feature",
      "properties": {
        "record": "BA-202605143",
        "address": "2660 LENOX RD NE, ATLANTA GA 30324",
        "status": "Accepted",
        "date": "10/05/2026",
        "description": null,
        "owner": "Lenox Pointe Owners Association",
        "tree_dbh": "14",
        "tree_location": "trees are located in the main corridor to the complex",
        "reason_removal": "Dying tree",
        "tree_description": "Trees have significant canopy dieback",
        "tree_number": "1",
        "species": "Pin Oak",
        "comments": "Site map",
        "tree_count": 13,
        "trees": [
          {
            "tree_number": "1",
            "species": "Pin Oak",
            "tree_dbh": "14",
            "tree_location": "trees are located in the main corridor to the complex",
            "tree_description": "Trees have significant canopy dieback",
            "reason_removal": "Dying tree",
            "comments": "Site map"
          },
          {
            "tree_number": "2",
            "species": "Pin Oak",
            "tree_dbh": "15",
            "tree_location": "trees are located in the main corridor to the complex",
            "tree_description": "Trees have significant canopy dieback",
            "reason_removal": "Dying tree",
            "comments": "Site map"
          },
          {
            "tree_number": "3",
            "species": "Pin Oak",
            "tree_dbh": "16",
            "tree_location": "trees are located in the main corridor to the complex",
            "tree_description": "Trees have significant canopy dieback",
            "reason_removal": "Dying tree",
            "comments": null
          },
          {
            "tree_number": "4",
            "species": "Pin Oak",
            "tree_dbh": "17",
            "tree_location": "trees are located in the main corridor to the complex",
            "tree_description": "Trees have significant canopy dieback",
            "reason_removal": "Dying tree",
            "comments": "Site plan"
          },
          {
            "tree_number": "5",
            "species": "Pin Oak",
            "tree_dbh": "18",
            "tree_location": "trees are located in the main corridor to the complex",
            "tree_description": "Trees have significant canopy dieback",
            "reason_removal": "Dying tree",
            "comments": "Site plan"
          },
          {
            "tree_number": "6",
            "species": "Pin Oak",
            "tree_dbh": "20",
            "tree_location": "trees are located in the main corridor to the complex",
            "tree_description": "Trees have significant canopy dieback",
            "reason_removal": "Dying tree",
            "comments": "Site plan"
          },
          {
            "tree_number": "51",
            "species": "River Birch",
            "tree_dbh": "10",
            "tree_location": "tree is located near the retention pond",
            "tree_description": "Decay at base",
            "reason_removal": "Significant cavity/area of decay",
            "comments": "Site plan"
          },
          {
            "tree_number": "38",
            "species": "Cherry Laurel",
            "tree_dbh": "9",
            "tree_location": "trees are located in front of building 18",
            "tree_description": "Significant canopy decline",
            "reason_removal": "Dying tree",
            "comments": "Site plan"
          },
          {
            "tree_number": "39",
            "species": "Cherry Laurel",
            "tree_dbh": "9",
            "tree_location": "trees are located in front of building 18",
            "tree_description": "Significant canopy decline",
            "reason_removal": "Dying tree",
            "comments": "Site plan"
          },
          {
            "tree_number": "10",
            "species": "Riverbirch",
            "tree_dbh": "19",
            "tree_location": "Rear of Unit 50",
            "tree_description": "Lean/restricted root space",
            "reason_removal": "Uncorrectable defect",
            "comments": "Site plan"
          },
          {
            "tree_number": "13",
            "species": "Cherry Laurel",
            "tree_dbh": "12",
            "tree_location": "Rear of 42",
            "tree_description": "Tree in decline",
            "reason_removal": "Dying tree",
            "comments": "Site plan"
          },
          {
            "tree_number": "7",
            "species": "River Birch",
            "tree_dbh": "8",
            "tree_location": "Bldg 18",
            "tree_description": "Tree is in decline/restricted root space",
            "reason_removal": "Uncorrectable defect",
            "comments": "Site plan"
          },
          {
            "tree_number": "8",
            "species": "Maple",
            "tree_dbh": "24",
            "tree_location": "Rear of 42",
            "tree_description": "Significant canopy decline",
            "reason_removal": "Dying tree",
            "comments": "Site plan"
          }
        ]
      },
      "geometry": {
        "type": "Point",
        "coordinates": [
          -84.356818681964,
          33.832343561979
        ]
      }
    },
    {
      "type": "Feature",
      "properties": {
        "record": "BA-202605165",
        "address": "1847 HARBIN RD SW, ATLANTA GA 30311",
        "status": "Accepted",
        "date": "10/05/2026",
        "description": null,
        "owner": "BOOZER MAMIE LOU RILEY",
        "tree_dbh": "26",
        "tree_location": "Backyard",
        "reason_removal": "Dying tree",
        "tree_description": "Tree struck by lightning at the top, causing a huge lateral to fall. Making a portion of the back yard unusable and causing damage to the fence. We need to remove this and the tree asap. Rot is setting in at the top of the tree.",
        "tree_number": "1",
        "species": "Oak",
        "comments": null,
        "tree_count": 1,
        "trees": [
          {
            "tree_number": "1",
            "species": "Oak",
            "tree_dbh": "26",
            "tree_location": "Backyard",
            "tree_description": "Tree struck by lightning at the top, causing a huge lateral to fall. Making a portion of the back yard unusable and causing damage to the fence. We need to remove this and the tree asap. Rot is setting in at the top of the tree.",
            "reason_removal": "Dying tree",
            "comments": null
          }
        ]
      },
      "geometry": {
        "type": "Point",
        "coordinates": [
          -84.481410688586,
          33.705074696814
        ]
      }
    },
    {
      "type": "Feature",
      "properties": {
        "record": "BA-202605153",
        "address": "880 SOMERSET DR NW, ATLANTA GA 30327",
        "status": "Accepted",
        "date": "10/05/2026",
        "description": null,
        "owner": "KARP HAZEL B",
        "tree_dbh": "22",
        "tree_location": "backyard",
        "reason_removal": "Dying tree",
        "tree_description": "The subject tree exhibits significant canopy decline characterized by a thin, sparse crown, reduced live foliage, and multiple dead and declining branches throughout the upper canopy. The tree also exhibits poor main-stem architecture, including irregular stem form and branching structure within the upper crown. Thecombination of poor main-stem architecture, the significant stem defect, and progressive canopy dieback indicates reduced structural and physiological condition.",
        "tree_number": "1",
        "species": "Pinus taeda",
        "comments": null,
        "tree_count": 7,
        "trees": [
          {
            "tree_number": "1",
            "species": "Pinus taeda",
            "tree_dbh": "22",
            "tree_location": "backyard",
            "tree_description": "The subject tree exhibits significant canopy decline characterized by a thin, sparse crown, reduced live foliage, and multiple dead and declining branches throughout the upper canopy. The tree also exhibits poor main-stem architecture, including irregular stem form and branching structure within the upper crown. Thecombination of poor main-stem architecture, the significant stem defect, and progressive canopy dieback indicates reduced structural and physiological condition.",
            "reason_removal": "Dying tree",
            "comments": null
          },
          {
            "tree_number": "2",
            "species": "Hickory",
            "tree_dbh": "16",
            "tree_location": "back yard",
            "tree_description": "The subject tree exhibits poor overall structure characterized by an irregular, twisting main stem and poor crown architecture. Multiple dead and declining branches are present within the canopy, along with vine growth extending into the crown and along portions of the main stem. The tree has an irregular and reduced canopy with evidence of progressive crown decline. The combination of poor stem architecture, deadwood, vine growth, and declining canopy condition indicates reduced vitality and poor long-term suitability for retention.",
            "reason_removal": "Uncorrectable defect",
            "comments": null
          },
          {
            "tree_number": "3",
            "species": "Pinus",
            "tree_dbh": "28",
            "tree_location": "back yard",
            "tree_description": "The subject tree is in poor condition and exhibits significant structural and physiological decline. The main stem contains multiple large wounds/cankered areas with extensive bark disruption and exposed woody tissue. The tree has also experienced substantial crown dieback and previous branch/stem loss, resulting in a significantly reduced and irregular live canopy. These defects indicate diminished vitality and compromised structural condition. Given the extent of the main-stem defects, previous canopy loss, and continued crown decline, the tree has a poor long-term prognosis and is recommended for removal.",
            "reason_removal": "Uncorrectable defect",
            "comments": null
          },
          {
            "tree_number": "4",
            "species": "hickory",
            "tree_dbh": "18",
            "tree_location": "back yard",
            "tree_description": "The subject tree exhibits a basal cavity/opening at the lower main stem, indicating a significant structural defect at a critical load-bearing portion of the tree. The tree also exhibits poor overall architecture, including pronounced stem deviations and phototropic growth resulting in an asymmetric canopy and lean toward the residence. Dead branches are present within the crown. The combination of the basal defect, poor stem architecture, asymmetric loading, and proximity/orientation toward the residence reduces the tree’s long-term suitability for retention.",
            "reason_removal": "Uncorrectable defect",
            "comments": null
          },
          {
            "tree_number": "5",
            "species": "Red Maple",
            "tree_dbh": "25",
            "tree_location": "front yard",
            "tree_description": "The subject tree exhibits an unbalanced and asymmetric canopy, with approximately 30% of the crown extending outside the main trunk axis and toward/over the residence. This growth form has resulted in increased asymmetric loading toward the structure. The tree also exhibits poor basal architecture and is located in close proximity to the residence, with large surface roots extending toward the foundation. The combination of asymmetric crown development, poor overall architecture, and proximity to the residence reduces the tree’s long-term suitability for retention. The tree is considered to be in poor condition with a poor long-term prognosis and is recommended for removal",
            "reason_removal": "Uncorrectable defect",
            "comments": null
          },
          {
            "tree_number": "6",
            "species": "Holly",
            "tree_dbh": "16",
            "tree_location": "front yard",
            "tree_description": "The tree is located in very close proximity to the residence and exhibits poor root architecture, including large, concentrated surface roots at and immediately adjacent to the trunk flare. The confined growing area and proximity of the root system to the foundation create an undesirable long-term conflict with the structure. Given the tree's mature size, restricted growing space, and compromised root architecture, the tree has poor long-term suitability for retention and is recommended for removal.",
            "reason_removal": "Uncorrectable defect",
            "comments": null
          },
          {
            "tree_number": "7",
            "species": "Japanese Maple",
            "tree_dbh": "18",
            "tree_location": "front yard",
            "tree_description": "large open cavity with internal decay is present on the main stem at an old pruning wound, with additional decay associated with a second large pruning wound. The tree also exhibits multiple large scaffold stems originating from a relatively confined union. The combination of significant trunk decay, compromised wound closure, multi-stem structure, and close proximity to the residence increases the potential consequences of stem or scaffold failure. Root conflicts exist as tripping hazards and could be impacting utilities and foundation.",
            "reason_removal": "Uncorrectable defect",
            "comments": null
          }
        ]
      },
      "geometry": {
        "type": "Point",
        "coordinates": [
          -84.417034234797,
          33.877414176169
        ]
      }
    },
    {
      "type": "Feature",
      "properties": {
        "record": "BA-202605140",
        "address": "3030 HUMPHRIES DR SE, ATLANTA GA 30354",
        "status": "Accepted",
        "date": "10/05/2026",
        "description": null,
        "owner": null,
        "tree_dbh": "24",
        "tree_location": "Front yard",
        "reason_removal": "Other",
        "tree_description": "This is a Pine tree is leaning towards the house.",
        "tree_number": "1",
        "species": "Pine tree",
        "comments": "This tree is a threat to the house and the lives of my family.",
        "tree_count": 3,
        "trees": [
          {
            "tree_number": "1",
            "species": "Pine tree",
            "tree_dbh": "24",
            "tree_location": "Front yard",
            "tree_description": "This is a Pine tree is leaning towards the house.",
            "reason_removal": "Other",
            "comments": "This tree is a threat to the house and the lives of my family."
          },
          {
            "tree_number": "0",
            "species": "0",
            "tree_dbh": "0",
            "tree_location": "0",
            "tree_description": "0",
            "reason_removal": "Other",
            "comments": "0"
          },
          {
            "tree_number": "0",
            "species": "0",
            "tree_dbh": "0",
            "tree_location": "0",
            "tree_description": "0",
            "reason_removal": "Other",
            "comments": "0"
          }
        ]
      },
      "geometry": {
        "type": "Point",
        "coordinates": [
          -84.375918223827,
          33.672565470201
        ]
      }
    },
    {
      "type": "Feature",
      "properties": {
        "record": "26TMP-065751",
        "address": "1847 BRAEBURN CIR SE, ATLANTA GA 30316",
        "status": null,
        "date": "10/05/2026",
        "description": null,
        "owner": null,
        "tree_dbh": null,
        "tree_location": null,
        "reason_removal": null,
        "tree_description": null,
        "tree_number": null,
        "species": null,
        "comments": null,
        "tree_count": null,
        "trees": null
      },
      "geometry": {
        "type": "Point",
        "coordinates": [
          -84.326755243411,
          33.734926012151
        ]
      }
    },
    {
      "type": "Feature",
      "properties": {
        "record": "BA-202605161",
        "address": "2493 SPRINGDALE RD SW, ATLANTA GA 30315",
        "status": "Accepted",
        "date": "10/05/2026",
        "description": null,
        "owner": "Eric Heck",
        "tree_dbh": "20",
        "tree_location": "Left side of front yard over driveway",
        "reason_removal": "Uncorrectable defect",
        "tree_description": "15% lean over secondary line and driveway",
        "tree_number": "1",
        "species": "Pine",
        "comments": "Orange paint",
        "tree_count": 5,
        "trees": [
          {
            "tree_number": "1",
            "species": "Pine",
            "tree_dbh": "20",
            "tree_location": "Left side of front yard over driveway",
            "tree_description": "15% lean over secondary line and driveway",
            "reason_removal": "Uncorrectable defect",
            "comments": "Orange paint"
          },
          {
            "tree_number": "2",
            "species": "Pine",
            "tree_dbh": "24",
            "tree_location": "Middle of front yard",
            "tree_description": "codominant leaders with included bark next to primary",
            "reason_removal": "Uncorrectable defect",
            "comments": "Orange paint"
          },
          {
            "tree_number": "3",
            "species": "Pine",
            "tree_dbh": "18",
            "tree_location": "Right side of front yard",
            "tree_description": "fusiform canker midway up trunk. Primary leader failure",
            "reason_removal": "Uncorrectable defect",
            "comments": "Orange paint"
          },
          {
            "tree_number": "4",
            "species": "Pine",
            "tree_dbh": "12",
            "tree_location": "Right side of backyard",
            "tree_description": "fusiform canker midway up trunk",
            "reason_removal": "Uncorrectable defect",
            "comments": "Orange paint"
          },
          {
            "tree_number": "5",
            "species": "Black Cherry",
            "tree_dbh": "12",
            "tree_location": "Right side of backyard",
            "tree_description": "30% canopy dead",
            "reason_removal": "Dying tree",
            "comments": "Orange paint"
          }
        ]
      },
      "geometry": {
        "type": "Point",
        "coordinates": [
          -84.414903799322,
          33.686638112663
        ]
      }
    },
    {
      "type": "Feature",
      "properties": {
        "record": "BA-202605160",
        "address": "130 WEST PACES FERRY RD NW, ATLANTA GA 30305",
        "status": "Accepted",
        "date": "10/05/2026",
        "description": null,
        "owner": "ATLANTA HISTORICAL SOC INC",
        "tree_dbh": "20",
        "tree_location": "Atlanta History Center, Quarry Garden",
        "reason_removal": "Dying tree",
        "tree_description": "large loblolly pine",
        "tree_number": "1",
        "species": "loblolly pine",
        "comments": "This tree has a long column of decay and dead wood along the trunk. Several large cracks have developed and there has been significant borer activity this summer. Likely an old lighting strike.",
        "tree_count": 1,
        "trees": [
          {
            "tree_number": "1",
            "species": "loblolly pine",
            "tree_dbh": "20",
            "tree_location": "Atlanta History Center, Quarry Garden",
            "tree_description": "large loblolly pine",
            "reason_removal": "Dying tree",
            "comments": "This tree has a long column of decay and dead wood along the trunk. Several large cracks have developed and there has been significant borer activity this summer. Likely an old lighting strike."
          }
        ]
      },
      "geometry": {
        "type": "Point",
        "coordinates": [
          -84.385501088624,
          33.842269672223
        ]
      }
    },
    {
      "type": "Feature",
      "properties": {
        "record": "BA-202605141",
        "address": "3433 PACES FOREST RD NW, ATLANTA GA 30327",
        "status": "Accepted",
        "date": "10/05/2026",
        "description": null,
        "owner": null,
        "tree_dbh": "16",
        "tree_location": "Front left leaning over driveway",
        "reason_removal": "Significant cavity/area of decay",
        "tree_description": "Trees in the middle of the yard leaning hard over the driveway",
        "tree_number": "1",
        "species": "Oak",
        "comments": "Oak Tree has several holes in the base and up the trunk and has a hard lean over the driveway towards the neighbors",
        "tree_count": 3,
        "trees": [
          {
            "tree_number": "1",
            "species": "Oak",
            "tree_dbh": "16",
            "tree_location": "Front left leaning over driveway",
            "tree_description": "Trees in the middle of the yard leaning hard over the driveway",
            "reason_removal": "Significant cavity/area of decay",
            "comments": "Oak Tree has several holes in the base and up the trunk and has a hard lean over the driveway towards the neighbors"
          },
          {
            "tree_number": "2",
            "species": "Pecan",
            "tree_dbh": "15",
            "tree_location": "Front center leaning over carport towards house",
            "tree_description": "front center leaning over carports towards house",
            "reason_removal": "Uncorrectable defect",
            "comments": "Tree has a hard lean towards the house most of the weight is on that side as well, cannot be corrected"
          },
          {
            "tree_number": "3",
            "species": "Cherry",
            "tree_dbh": "10",
            "tree_location": "Right side of driveway at Street",
            "tree_description": "Under magnolia tree right side of driveway at Street",
            "reason_removal": "Dead tree",
            "comments": "Tree is decayed and falling apart"
          }
        ]
      },
      "geometry": {
        "type": "Point",
        "coordinates": [
          -84.424934307519,
          33.84905225504
        ]
      }
    },
    {
      "type": "Feature",
      "properties": {
        "record": "BA-202605159",
        "address": "3479 ROLLING GREEN RIDGE SW, ATLANTA GA 30331",
        "status": "Accepted",
        "date": "10/05/2026",
        "description": null,
        "owner": "Erie Heath",
        "tree_dbh": "20",
        "tree_location": "Left of car port",
        "reason_removal": "Uncorrectable defect",
        "tree_description": "codominant leaders with included bark. edge tree right next to carport",
        "tree_number": "1",
        "species": "Pine",
        "comments": "Orange paint",
        "tree_count": 3,
        "trees": [
          {
            "tree_number": "1",
            "species": "Pine",
            "tree_dbh": "20",
            "tree_location": "Left of car port",
            "tree_description": "codominant leaders with included bark. edge tree right next to carport",
            "reason_removal": "Uncorrectable defect",
            "comments": "Orange paint"
          },
          {
            "tree_number": "2",
            "species": "Pine",
            "tree_dbh": "21",
            "tree_location": "Left corner of backyard",
            "tree_description": "Dead",
            "reason_removal": "Dead tree",
            "comments": "Orange paint"
          },
          {
            "tree_number": "3",
            "species": "Pine",
            "tree_dbh": "25",
            "tree_location": "Directly behind home",
            "tree_description": "fusiform canker. large limb failures",
            "reason_removal": "Uncorrectable defect",
            "comments": "Orange paint"
          }
        ]
      },
      "geometry": {
        "type": "Point",
        "coordinates": [
          -84.503288057075,
          33.70936231805
        ]
      }
    }
  ]
}